F02	crates/sema-core/src/async_signal.rs:10://! is [`YieldReason::Sleep`], which a ctx-less `async/sleep` uses to surface a
F06	crates/sema-core/src/async_signal.rs:126:/// will NEVER resume from (cancellation via `async/cancel`, `async/timeout`
F06	crates/sema-core/src/async_signal.rs:139:thread_local! {
F06	crates/sema-core/src/async_signal.rs:160:thread_local! {
F08B	crates/sema-core/src/async_signal.rs:185:/// milliseconds (already bounded by the `async/sleep`/`async/timeout` caps).
F06	crates/sema-core/src/async_signal.rs:188:thread_local! {
F08B	crates/sema-core/src/async_signal.rs:193:/// real `Atomics.wait` on a `SharedArrayBuffer`, so `async/sleep` paces in real
F08B	crates/sema-core/src/async_signal.rs:196:/// `std::thread::sleep` default below.
F02	crates/sema-core/src/async_signal.rs:20:/// `NativeOutcome` ABI; only `async/sleep`'s ctx-less value ABI still yields.
F08B	crates/sema-core/src/async_signal.rs:217:    std::thread::sleep(std::time::Duration::from_millis(ms));
F02	crates/sema-core/src/async_signal.rs:22:pub enum YieldReason {
F06	crates/sema-core/src/async_signal.rs:253:thread_local! {
F06	crates/sema-core/src/async_signal.rs:27:thread_local! {
F02	crates/sema-core/src/async_signal.rs:30:    static YIELD_SIGNAL: RefCell<Option<YieldReason>> = const { RefCell::new(None) };
F06	crates/sema-core/src/async_signal.rs:350:thread_local! {
F02	crates/sema-core/src/async_signal.rs:36:    /// kept for the ctx-less `async/sleep` symmetry.
F02	crates/sema-core/src/async_signal.rs:42:    /// signal (e.g. `async/sleep`) check this to decide between yielding to the
F06	crates/sema-core/src/async_signal.rs:454:thread_local! {
F02	crates/sema-core/src/async_signal.rs:50:pub fn set_yield_signal(reason: YieldReason) {
F08A	crates/sema-core/src/async_signal.rs:531:/// program — including one blocked in a real `Atomics.wait` sleep.
F06	crates/sema-core/src/async_signal.rs:534:thread_local! {
F02	crates/sema-core/src/async_signal.rs:55:pub fn take_yield_signal() -> Option<YieldReason> {
F05	crates/sema-core/src/async_signal.rs:63:pub fn take_resume_value() -> Option<Value> {
F02	crates/sema-core/src/async_signal.rs:6://! sema-vm. Follows the same pattern as `set_eval_callback`.
F02	crates/sema-core/src/async_signal.rs:70:/// yielding native (`async/sleep`, …) surfaces the yield signal so the runtime
F06	crates/sema-core/src/async_signal.rs:84:thread_local! {
H09	crates/sema-core/src/async_signal.rs:95:    /// (`drive_handle_to_settlement` → `block_on_inbox`, which cannot work
F10	crates/sema-core/src/context.rs:153:        // natives (e.g. `async/sleep`, registered via the value-only ABI) can
F10	crates/sema-core/src/context.rs:170:    /// dispatched through `sema_core::call_callback`, which runs them on a fresh
F10	crates/sema-core/src/context.rs:183:        // ctx-less yielding natives via `in_runtime_quantum` — `async/sleep`,
F10	crates/sema-core/src/context.rs:19:/// values out of it (leaving nil behind). See [`call_callback_owned`].
F14	crates/sema-core/src/context.rs:815:thread_local! {
F10	crates/sema-core/src/context.rs:831:pub fn set_eval_callback(ctx: &EvalContext, f: EvalCallbackFn) {
F10	crates/sema-core/src/context.rs:838:pub fn set_call_callback(ctx: &EvalContext, f: CallCallbackFn) {
F10	crates/sema-core/src/context.rs:845:pub fn eval_callback(ctx: &EvalContext, expr: &Value, env: &Env) -> Result<Value, SemaError> {
F10	crates/sema-core/src/context.rs:854:pub fn call_callback(ctx: &EvalContext, func: &Value, args: &[Value]) -> Result<Value, SemaError> {
F10	crates/sema-core/src/context.rs:862:/// interpreter init, alongside [`set_call_callback`].
F10	crates/sema-core/src/context.rs:863:pub fn set_call_owned_callback(ctx: &EvalContext, f: CallOwnedCallbackFn) {
F10	crates/sema-core/src/context.rs:870:/// behind). This is the refcount-shedding variant of [`call_callback`] — a
F10	crates/sema-core/src/context.rs:875:pub fn call_callback_owned(
F10	crates/sema-core/src/context.rs:883:    call_callback(ctx, func, args)
F20	crates/sema-core/src/cycle.rs:321:/// Registered by sema-vm at startup (same pattern as `set_eval_callback`,
F20	crates/sema-core/src/cycle.rs:525:thread_local! {
F09B	crates/sema-core/src/io_backend.rs:141:/// [`IoBackend::block_on_boxed`]: the output travels through a stack slot, so
F09B	crates/sema-core/src/io_backend.rs:144:/// `sema_io::io_block_on`. NATIVE-ONLY semantics — see the trait method.
F09B	crates/sema-core/src/io_backend.rs:145:pub fn io_block_on<F: Future>(fut: F) -> F::Output {
F09B	crates/sema-core/src/io_backend.rs:148:    backend.block_on_boxed(Box::pin(async {
F09A	crates/sema-core/src/io_backend.rs:14://! go through `sema_io::{io_spawn, io_spawn_blocking, io_block_on}` — the raw
F09B	crates/sema-core/src/io_backend.rs:151:    slot.expect("io_block_on: block_on_boxed returned without completing the future")
F09B	crates/sema-core/src/io_backend.rs:21://! `io_block_on` is legal from the VM thread, plain OS threads, and
F09B	crates/sema-core/src/io_backend.rs:23://! async-driver thread ("cannot block_on from within a runtime worker"). A
F09B	crates/sema-core/src/io_backend.rs:24://! `block_on`'d future may transiently need at most ONE blocking slot of its own
F09A	crates/sema-core/src/io_backend.rs:34:/// `IoHandle::with_abort` one-for-one. Dropping the hook does NOT abort.
F09B	crates/sema-core/src/io_backend.rs:53:/// panics in `block_on_boxed` (every synchronous blocking consumer is
F09B	crates/sema-core/src/io_backend.rs:67:    fn block_on_boxed(&self, fut: Pin<Box<dyn Future<Output = ()> + '_>>);
F09A	crates/sema-core/src/io_backend.rs:6://! `set_eval_callback`, the otel task callbacks, the usage-scope callbacks,
F09A	crates/sema-core/src/io_backend.rs:92:thread_local! {
F36	crates/sema-core/src/lib.rs:33:    set_usage_scope_task_callbacks, set_yield_signal, take_resume_value, take_task_llm_scope,
F36	crates/sema-core/src/lib.rs:34:    take_task_otel, take_task_usage_scope, take_yield_signal, usage_scope_ambient_is_empty,
F36	crates/sema-core/src/lib.rs:38:    UsageScopeCaptureFn, UsageScopeInstallFn, UsageScopeIsEmptyFn, UsageScopeTakeFn, YieldReason,
F36	crates/sema-core/src/lib.rs:41:    call_callback, call_callback_owned, eval_callback, set_call_callback, set_call_owned_callback,
F36	crates/sema-core/src/lib.rs:42:    set_eval_callback, with_stdlib_ctx, CallCallbackFn, CallOwnedCallbackFn, EvalCallbackFn,
F36	crates/sema-core/src/lib.rs:57:    io_backend, io_block_on, io_spawn, io_spawn_blocking, set_io_backend, AbortHook, BoxIoFuture,
F21A	crates/sema-core/src/mcp_cassette.rs:27:thread_local! {
F21B	crates/sema-core/src/mcp_cassette.rs:63:    thread_local! {
F21A	crates/sema-core/src/mcp_cassette.rs:6://! pointers into its thread-local cassette, exactly like `set_eval_callback`);
F22	crates/sema-core/src/output_hook.rs:12:thread_local! {
F22	crates/sema-core/src/output_hook.rs:42:thread_local! {
F18	crates/sema-core/src/value.rs:153:    /// "requires runtime invocation" hard-error stub (async/spawn, channel/*,
F18	crates/sema-core/src/value.rs:155:    /// `with_ctx_runtime`, e.g. `async/sleep`, `__llm-chat-blocking`) has a real
C17	crates/sema-core/src/value.rs:2758:thread_local! {
C17	crates/sema-core/src/value.rs:28:thread_local! {
F18	crates/sema-core/src/value.rs:318:    /// eval and the legacy scheduler). `async/sleep` uses this so it suspends
F18	crates/sema-core/src/value.rs:385:    /// (`async/spawn`, `channel/*`, `async/resolved`, …). Callback-driving
F15	crates/sema-core/src/value.rs:467:/// the user explicitly cancels via `async/cancel` is *not* a normal rejection
F15	crates/sema-core/src/value.rs:469:/// `async/cancelled?` be precise without string-matching, and lets
F32	crates/sema-core/src/value.rs:667:    let dispatch_val = crate::call_callback(ctx, &mm.dispatch_fn, args)?;
C17	crates/sema-core/src/value.rs:94:thread_local! {
H04	crates/sema-dap/src/server.rs:1059:                    while let Ok(cmd) = ds.command_rx.recv() {
H04	crates/sema-dap/src/server.rs:263:                reply_rx.recv().await.unwrap_or_default()
H04	crates/sema-dap/src/server.rs:694:    tokio::task::spawn_blocking(move || reply_rx.recv().unwrap_or_default())
H04	crates/sema-dap/src/server.rs:708:    tokio::task::spawn_blocking(move || reply_rx.recv().unwrap_or_else(|_| Err(err_msg)))
H04	crates/sema-dap/src/server.rs:809:        let req = rx.blocking_recv();
H04	crates/sema-dap/src/server.rs:903:                    while let Ok(evt) = dbg_event_rx.recv() {
H04	crates/sema-dap/src/server.rs:94:            Some(event) = event_bridge_rx.recv() => {
H04	crates/sema-dap/src/server.rs:995:                    // with no `RuntimeState` borrow held. Async ops (async/await,
F33	crates/sema-eval/src/debug_session.rs:16:thread_local! {
F31	crates/sema-eval/src/eval.rs:141:        // `Rc<Env>` and `Value` edges (a still-parked/detached `async/spawn`
F32	crates/sema-eval/src/eval.rs:1824:    // (`async/await`, `channel/*`, …) inside the eval'd form instead of the
F32	crates/sema-eval/src/eval.rs:206:        sema_core::set_eval_callback(&ctx, eval_value_vm);
F32	crates/sema-eval/src/eval.rs:207:        sema_core::set_call_callback(&ctx, call_value);
F32	crates/sema-eval/src/eval.rs:208:        sema_core::set_call_owned_callback(&ctx, call_value_owned);
F32	crates/sema-eval/src/eval.rs:2103:                    sema_core::call_callback(ctx, &thunk.body, &[])?
F32	crates/sema-eval/src/eval.rs:227:        sema_core::set_eval_callback(&ctx, eval_value_vm);
F32	crates/sema-eval/src/eval.rs:228:        sema_core::set_call_callback(&ctx, call_value);
F32	crates/sema-eval/src/eval.rs:229:        sema_core::set_call_owned_callback(&ctx, call_value_owned);
F31	crates/sema-eval/src/eval.rs:2658:    // ACCEPTANCE GATE (Task 04 native-suspend ABI, first async op): `async/sleep`
F31	crates/sema-eval/src/eval.rs:2670:            .eval_str_via_runtime("(async/sleep 2)")
F31	crates/sema-eval/src/eval.rs:2671:            .expect("async/sleep settles through the runtime");
F31	crates/sema-eval/src/eval.rs:2681:            .eval_str_via_runtime("(begin (async/sleep 2) (+ 40 2))")
F31	crates/sema-eval/src/eval.rs:2682:            .expect("program continues past async/sleep");
F31	crates/sema-eval/src/eval.rs:2686:    // `async/spawn` + `async/await` round-trip through the runtime: spawn a
F31	crates/sema-eval/src/eval.rs:2694:            .eval_str_via_runtime("(await (async/spawn (fn () (+ 40 2))))")
F31	crates/sema-eval/src/eval.rs:2708:                   (define a (async/spawn (fn () (+ 1 2)))) \
F31	crates/sema-eval/src/eval.rs:2709:                   (define b (async/spawn (fn () (* 4 5)))) \
F31	crates/sema-eval/src/eval.rs:2716:    // A spawned task that itself parks on a timer (`async/sleep`) and resumes:
F31	crates/sema-eval/src/eval.rs:2723:            .eval_str_via_runtime("(await (async/spawn (fn () (async/sleep 2) 7)))")
F31	crates/sema-eval/src/eval.rs:2736:    // detached task (parked on its `async/sleep` timer at the end of call one)
F31	crates/sema-eval/src/eval.rs:2745:            .eval_str_via_runtime("(define p (async/spawn (fn () (async/sleep 2) 42)))")
F31	crates/sema-eval/src/eval.rs:2769:                .eval_str_via_runtime("(async/spawn (fn () (async/sleep 100000) 1)) 7")
F31	crates/sema-eval/src/eval.rs:2788:        let result = interp.eval_str_via_runtime("(await (async/spawn (fn () (error \"boom\"))))");
F31	crates/sema-eval/src/eval.rs:2800:            .eval_str_via_runtime("(let ((p (async/spawn (fn () 5)))) (async/sleep 5) (await p))")
F31	crates/sema-eval/src/eval.rs:2813:                   (define p (async/spawn (fn () 99))) \
F31	crates/sema-eval/src/eval.rs:2814:                   (define a (async/spawn (fn () (await p)))) \
F31	crates/sema-eval/src/eval.rs:2815:                   (define b (async/spawn (fn () (await p)))) \
F31	crates/sema-eval/src/eval.rs:2827:            .eval_str_via_runtime("(await (async/spawn (fn () (await (async/spawn (fn () 42))))))")
F31	crates/sema-eval/src/eval.rs:2838:            .eval_str_via_runtime("(begin (async/spawn (fn () 1)) 99)")
F31	crates/sema-eval/src/eval.rs:2852:                    (set! p (async/spawn (fn () (async/sleep 1) (await p)))) \
F31	crates/sema-eval/src/eval.rs:2886:        match rx.recv_timeout(std::time::Duration::from_secs(30)) {
F31	crates/sema-eval/src/eval.rs:2912:    // GATE — top-level `channel/recv` on an empty channel with no sender parks
F31	crates/sema-eval/src/eval.rs:2914:    // it with the legacy "channel/recv: channel is empty".
F31	crates/sema-eval/src/eval.rs:2917:        assert_runtime_deadlock_matches_oracle("(channel/recv (channel/new 1))");
F31	crates/sema-eval/src/eval.rs:2920:    // GATE — top-level `channel/send` on a full channel with no receiver parks
F31	crates/sema-eval/src/eval.rs:2921:    // the root; the drive loop settles it with the legacy "channel/send: channel
F31	crates/sema-eval/src/eval.rs:2927:            "(begin (define ch (channel/new 1)) (channel/send ch 1) (channel/send ch 2))",
F31	crates/sema-eval/src/eval.rs:2940:               (set! pa (async/spawn (fn () (async/sleep 1) (await pb)))) \
F31	crates/sema-eval/src/eval.rs:2941:               (set! pb (async/spawn (fn () (async/sleep 1) (await pa)))) \
F31	crates/sema-eval/src/eval.rs:2959:            .eval_str_via_runtime("(async/spawn (fn () (async/sleep 5000) 1))")
F31	crates/sema-eval/src/eval.rs:2970:    // awaited promise is still Pending at the moment `async/await` runs, the
F31	crates/sema-eval/src/eval.rs:2985:                "(try (await (async/spawn (fn () (async/sleep 2) (error \"x\")))) \
F31	crates/sema-eval/src/eval.rs:2998:            .eval_str_via_runtime("(await (async/spawn (fn () (async/sleep 2) (error \"boom\"))))");
F31	crates/sema-eval/src/eval.rs:3020:                "(async/all (list (async/spawn (fn () 1)) \
F31	crates/sema-eval/src/eval.rs:3021:                                  (async/spawn (fn () 2)) \
F31	crates/sema-eval/src/eval.rs:3022:                                  (async/spawn (fn () 3))))",
F31	crates/sema-eval/src/eval.rs:3024:            .expect("async/all resolves through the runtime");
F31	crates/sema-eval/src/eval.rs:3032:            .eval_str_via_runtime("(async/all (list))")
F31	crates/sema-eval/src/eval.rs:3033:            .expect("async/all of empty input");
F31	crates/sema-eval/src/eval.rs:3046:                   (define sib (async/spawn (fn () (async/sleep 4) (channel/send ch 77) 1))) \
F31	crates/sema-eval/src/eval.rs:3047:                   (define bad (async/spawn (fn () (error \"boom\")))) \
F31	crates/sema-eval/src/eval.rs:3048:                   (define outcome (try (async/all (list bad sib)) (catch e :caught))) \
F31	crates/sema-eval/src/eval.rs:3049:                   (list outcome (await sib) (channel/recv ch)))",
F31	crates/sema-eval/src/eval.rs:3062:                   (define fast (async/spawn (fn () 10))) \
F31	crates/sema-eval/src/eval.rs:3063:                   (define slow (async/spawn (fn () (async/sleep 5) (channel/send ch 88) 20))) \
F31	crates/sema-eval/src/eval.rs:3064:                   (define winner (async/race (list fast slow))) \
F31	crates/sema-eval/src/eval.rs:3065:                   (list winner (await slow) (channel/recv ch)))",
F31	crates/sema-eval/src/eval.rs:3075:            .eval_str_via_runtime("(async/timeout 10000 (async/spawn (fn () (async/sleep 1) 5)))")
F31	crates/sema-eval/src/eval.rs:3087:                   (define slow (async/spawn (fn () (async/sleep 20) (channel/send ch 55) 9))) \
F31	crates/sema-eval/src/eval.rs:3088:                   (define outcome (try (async/timeout 1 slow) (catch e :timeout))) \
F31	crates/sema-eval/src/eval.rs:3089:                   (list outcome (await slow) (channel/recv ch)))",
F31	crates/sema-eval/src/eval.rs:3097:    // yield seam. Unlike the earlier async/all|race|timeout channel uses (which
F31	crates/sema-eval/src/eval.rs:3110:                   (async/spawn (fn () (channel/send ch 42))) \
F31	crates/sema-eval/src/eval.rs:3111:                   (channel/recv ch))",
F31	crates/sema-eval/src/eval.rs:3126:                   (channel/send ch 1) (channel/send ch 2) (channel/send ch 3) \
F31	crates/sema-eval/src/eval.rs:3127:                   (list (channel/recv ch) (channel/recv ch) (channel/recv ch)))",
F31	crates/sema-eval/src/eval.rs:3144:                   (define p (async/spawn (fn () \
F31	crates/sema-eval/src/eval.rs:3145:                       (channel/send ch 1) (channel/send ch 2) (channel/send ch 3) :done))) \
F31	crates/sema-eval/src/eval.rs:3146:                   (define out (list (channel/recv ch) (channel/recv ch) (channel/recv ch))) \
F31	crates/sema-eval/src/eval.rs:3156:    fn runtime_channel_blocking_recv_parks_until_sent() {
F31	crates/sema-eval/src/eval.rs:3162:                   (async/spawn (fn () (async/sleep 2) (channel/send ch 77))) \
F31	crates/sema-eval/src/eval.rs:3163:                   (channel/recv ch))",
F31	crates/sema-eval/src/eval.rs:3176:               (channel/send ch 1) \
F31	crates/sema-eval/src/eval.rs:3178:               (list (channel/recv ch) (channel/recv ch)))",
F31	crates/sema-eval/src/eval.rs:3191:                   (try (channel/send ch 9) (catch e :send-failed)))",
F31	crates/sema-eval/src/eval.rs:3226:               (channel/send ch 10) \
F31	crates/sema-eval/src/eval.rs:3227:               (channel/send ch 20) \
F31	crates/sema-eval/src/eval.rs:3239:               (channel/send ch 10) \
F31	crates/sema-eval/src/eval.rs:3240:               (channel/send ch 20) \
F31	crates/sema-eval/src/eval.rs:3251:               (channel/send ch 1) \
F31	crates/sema-eval/src/eval.rs:3252:               (channel/send ch 2) \
F31	crates/sema-eval/src/eval.rs:3262:               (channel/send ch 7) \
F31	crates/sema-eval/src/eval.rs:3270:    // GATE 1: `async/cancel` returns `#t` ONLY for the FIRST cancellation request
F31	crates/sema-eval/src/eval.rs:3278:                "(let ((p (async/spawn (fn () (async/sleep 100000) 42)))) \
F31	crates/sema-eval/src/eval.rs:3279:                   (list (async/cancel p) (async/cancel p)))",
F31	crates/sema-eval/src/eval.rs:3281:            .expect("async/cancel of a sleeping spawned task drives through the runtime");
F31	crates/sema-eval/src/eval.rs:3289:    // GATE 1b: `async/cancel` returns `#f` for a synthetic promise (no backing
F31	crates/sema-eval/src/eval.rs:3295:            .eval_str_via_runtime("(async/cancel (async/resolved 5))")
F31	crates/sema-eval/src/eval.rs:3308:                "(let ((p (async/spawn (fn () (async/sleep 100000) 42)))) \
F31	crates/sema-eval/src/eval.rs:3309:                   (async/cancel p) \
F31	crates/sema-eval/src/eval.rs:3326:            "(let ((p (async/spawn (fn () (async/sleep 100000) 42)))) \
F31	crates/sema-eval/src/eval.rs:3327:               (async/cancel p) \
F31	crates/sema-eval/src/eval.rs:3338:    // GATE 3: a task blocked on a LONG `async/sleep`, when cancelled, actually
F31	crates/sema-eval/src/eval.rs:3340:    // NOT after the full (100s) sleep. The promise reports `async/cancelled?`
F31	crates/sema-eval/src/eval.rs:3348:                "(let ((p (async/spawn (fn () (async/sleep 100000) 42)))) \
F31	crates/sema-eval/src/eval.rs:3349:                   (async/cancel p) \
F31	crates/sema-eval/src/eval.rs:3351:                   (async/cancelled? p))",
F31	crates/sema-eval/src/eval.rs:3368:    // `channel/recv` is tracked ONLY in `channel_waits`, with a wait key that is
F31	crates/sema-eval/src/eval.rs:3377:    // PROMPTLY; `async/cancelled?` is #t and `await` raises a catchable
F31	crates/sema-eval/src/eval.rs:3385:                "(let ((p (async/spawn (fn () (channel/recv (channel/new 1)))))) \
F31	crates/sema-eval/src/eval.rs:3386:                   (async/cancel p) \
F31	crates/sema-eval/src/eval.rs:3387:                   (list (try (await p) (catch e (:type e))) (async/cancelled? p)))",
F31	crates/sema-eval/src/eval.rs:3402:    // GATE B: THE HANG PROOF. A detached task left parked on `channel/recv` when
F31	crates/sema-eval/src/eval.rs:3415:            .eval_str_via_runtime("(async/spawn (fn () (channel/recv (channel/new 1)))) 42")
F31	crates/sema-eval/src/eval.rs:3435:                "(async/spawn (fn () (let ((c (channel/new 1))) (channel/send c 1) (channel/send c 99)))) 7",
F31	crates/sema-eval/src/eval.rs:3446:    // GATE D: owned fail-fast that cancels a worker parked on `channel/recv`
F31	crates/sema-eval/src/eval.rs:3457:                     (try (async/spawn-all \
F31	crates/sema-eval/src/eval.rs:3459:                                  (fn () (channel/recv ch)))) \
F31	crates/sema-eval/src/eval.rs:3477:    // observational `async/all`/`race`/`timeout` gates above, where the supplied
F31	crates/sema-eval/src/eval.rs:3480:    // async/spawn-all GATE 1 — happy path: values in INPUT order.
F31	crates/sema-eval/src/eval.rs:3485:            .eval_str_via_runtime("(async/spawn-all (list (fn () 1) (fn () 2) (fn () 3)))")
F31	crates/sema-eval/src/eval.rs:3490:    // async/spawn-all GATE 1b — empty input → empty list.
F31	crates/sema-eval/src/eval.rs:3495:            .eval_str_via_runtime("(async/spawn-all (list))")
F31	crates/sema-eval/src/eval.rs:3500:    // async/spawn-all GATE 2 — fail-fast OWNERSHIP: one child errors immediately;
F31	crates/sema-eval/src/eval.rs:3512:                     (try (async/spawn-all \
F31	crates/sema-eval/src/eval.rs:3513:                            (list (fn () (async/sleep 60) (set! flag 77) 1) \
F31	crates/sema-eval/src/eval.rs:3516:                   (async/sleep 200) \
F31	crates/sema-eval/src/eval.rs:3548:                                        (begin (async/sleep 60) (set! flag x) x))) \
F31	crates/sema-eval/src/eval.rs:3551:                   (async/sleep 200) \
F31	crates/sema-eval/src/eval.rs:3572:                     (async/sleep 15) \
F31	crates/sema-eval/src/eval.rs:3618:                     (if (= x 1) (begin (async/sleep 5) (error \"boom\")) \
F31	crates/sema-eval/src/eval.rs:3619:                         (begin (async/sleep 60) (set! flag x) x))) \
F31	crates/sema-eval/src/eval.rs:3622:                   (async/sleep 200) \
F31	crates/sema-eval/src/eval.rs:3629:    // async/race-owned GATE 1 — first settlement wins AND the loser is CANCELLED
F31	crates/sema-eval/src/eval.rs:3640:                     (async/race-owned \
F31	crates/sema-eval/src/eval.rs:3642:                             (fn () (async/sleep 60) (set! flag 99) 20)))) \
F31	crates/sema-eval/src/eval.rs:3643:                   (async/sleep 200) \
F31	crates/sema-eval/src/eval.rs:3654:    // async/race-owned GATE 2 — empty input is an argument error.
F31	crates/sema-eval/src/eval.rs:3660:                .eval_str_via_runtime("(try (async/race-owned (list)) (catch e :empty))",)
F31	crates/sema-eval/src/eval.rs:3666:    // async/race-owned GATE 3 — the first settlement being an error re-raises it.
F31	crates/sema-eval/src/eval.rs:3672:                "(try (async/race-owned (list (fn () (error \"boom\")) \
F31	crates/sema-eval/src/eval.rs:3673:                                              (fn () (async/sleep 100) 2))) \
F31	crates/sema-eval/src/eval.rs:3691:                            (fn () (async/sleep 200) (set! flag 5) :done)) \
F31	crates/sema-eval/src/eval.rs:3693:                   (async/sleep 300) \
F31	crates/sema-eval/src/eval.rs:3709:            .eval_str_via_runtime("(async/with-timeout 10000 (fn () (async/sleep 1) 42))")
F31	crates/sema-eval/src/eval.rs:3730:    // at bytecode level via `__spawn-apply` rather than `(map async/spawn …)`.
F31	crates/sema-eval/src/eval.rs:3732:    // `(map async/spawn …)` shape would raise "async yield outside of scheduler
F31	crates/sema-eval/src/eval.rs:3787:                "(map (fn (x) (async/await (async/spawn (fn () (* x x))))) (list 1 2 3))",
F31	crates/sema-eval/src/eval.rs:3796:    // The embedding-style shape: each `async` desugars to `(async/spawn (fn ()
F31	crates/sema-eval/src/eval.rs:3797:    // …))`, so `map` produces a list of promises which `async/all` then awaits.
F31	crates/sema-eval/src/eval.rs:3798:    // The callback's `async/spawn` yield must be serviced cooperatively.
F31	crates/sema-eval/src/eval.rs:3803:            .eval_str_via_runtime("(async/all (map (fn (x) (async (* x x))) (list 1 2 3)))")
F31	crates/sema-eval/src/eval.rs:3804:            .expect("async/all over a mapped list of spawns resolves");
F31	crates/sema-eval/src/eval.rs:3823:                "(filter (fn (x) (async/await (async/spawn (fn () (> x 1))))) (list 1 2 3))",
F31	crates/sema-eval/src/eval.rs:3839:                "(foldl (fn (acc x) (async/await (async/spawn (fn () (+ acc x))))) 0 \
F31	crates/sema-eval/src/eval.rs:3856:                "(foldl (fn (acc x) (async/await (async/spawn (fn () (+ acc x))))) 99 (list))",
F31	crates/sema-eval/src/eval.rs:3867:                "(reduce (fn (acc x) (async/await (async/spawn (fn () (+ acc x))))) \
F31	crates/sema-eval/src/eval.rs:3884:                "(reduce (fn (acc x) (async/await (async/spawn (fn () (+ acc x))))) (list 42))",
F31	crates/sema-eval/src/eval.rs:3896:                "(sort-by (fn (x) (async/await (async/spawn (fn () (- x))))) (list 3 1 2))",
F31	crates/sema-eval/src/eval.rs:3918:                 (for-each (fn (x) (async/await (async/spawn (fn () (channel/send ch (* x 10)))))) \
F31	crates/sema-eval/src/eval.rs:3921:                 (list (channel/recv ch) (channel/recv ch) (channel/recv ch))",
F31	crates/sema-eval/src/eval.rs:3949:    // still-live `Tracked` cell, mirroring `async/spawn`) every escaping open
F31	crates/sema-eval/src/eval.rs:4124:            .eval_str_via_runtime("(async/spawn (fn () (sleep 100000) 1)) 7")
F31	crates/sema-eval/src/eval.rs:4161:    // observable synchronously via `async/cancelled?`.
F31	crates/sema-eval/src/eval.rs:4168:                   (let ((p (async (channel/recv ch)))) \
F31	crates/sema-eval/src/eval.rs:4169:                     (async/cancel p) \
F31	crates/sema-eval/src/eval.rs:4170:                     (async/cancelled? p)))",
F31	crates/sema-eval/src/eval.rs:4182:                "(let ((p (async (async/sleep 100)))) \
F31	crates/sema-eval/src/eval.rs:4183:                   (async/cancel p) \
F31	crates/sema-eval/src/eval.rs:4184:                   (list (async/cancelled? p) (async/rejected? p) \
F31	crates/sema-eval/src/eval.rs:4199:    // A yielding native (`channel/recv`) passed DIRECTLY as a HOF callback now
F31	crates/sema-eval/src/eval.rs:4201:    // continuation ABI (the tool-loop/HOF migration): `(map channel/recv …)`
F31	crates/sema-eval/src/eval.rs:4209:                   (let ((producer (async (channel/send ch 1) (channel/close ch))) \
F31	crates/sema-eval/src/eval.rs:4210:                         (consumer (async (map channel/recv (list ch))))) \
F31	crates/sema-eval/src/eval.rs:4217:    // `async/run` inside an async task is a cooperative yield under the runtime
F31	crates/sema-eval/src/eval.rs:4225:                   (await (async (async/run) (channel/send ch 42) (channel/recv ch))))",
F31	crates/sema-eval/src/eval.rs:4233:    // A 0 ms `async/timeout` must still let synchronously-ready work finish: the
F31	crates/sema-eval/src/eval.rs:4240:            .eval_str_via_runtime("(async/timeout 0 (async 42))")
F31	crates/sema-eval/src/eval.rs:4245:    // `retry` backoff in a runtime quantum yields cooperatively (via `async/sleep`)
F31	crates/sema-eval/src/eval.rs:4254:                   (async/all \
F31	crates/sema-eval/src/eval.rs:4255:                     (list (async/spawn (fn () \
F31	crates/sema-eval/src/eval.rs:4259:                             (channel/send out :slow))) \
F31	crates/sema-eval/src/eval.rs:4260:                           (async/spawn (fn () (async/sleep 10) (channel/send out :fast))))) \
F31	crates/sema-eval/src/eval.rs:4261:                   (list (channel/recv out) (channel/recv out)))",
F31	crates/sema-eval/src/eval.rs:4279:                 (begin (async (channel/send ch :ran)) :end)",
F31	crates/sema-eval/src/eval.rs:4285:            .eval_str_via_runtime("(channel/recv ch)")
F31	crates/sema-eval/src/eval.rs:42:    // quantum and turns any `async/spawn`/`await`/channel yield inside the
F31	crates/sema-eval/src/eval.rs:605:                    if !runtime.block_on_inbox(next_deadline) && next_deadline.is_none() {
F31	crates/sema-eval/src/eval.rs:613:                // The root is parked purely on a timer (`async/sleep`): the only
F08A	crates/sema-eval/src/eval.rs:616:                // than a raw `thread::sleep` — no external op is registered, so
F08A	crates/sema-eval/src/eval.rs:626:                // wasm32 has no OS threads to park on: `block_on_inbox`'s
F08A	crates/sema-eval/src/eval.rs:627:                // `Receiver::recv_timeout` is unconditionally unsupported
F31	crates/sema-eval/src/eval.rs:62:    /// context would route the VM's `call_callback` through unregistered
F08A	crates/sema-eval/src/eval.rs:631:                // needs to synchronously wait out an `async/sleep`, so it
F08A	crates/sema-eval/src/eval.rs:640:                // a real, INTERRUPTIBLE `Atomics.wait` (`installAtomicsSleep`
F08A	crates/sema-eval/src/eval.rs:682:                        runtime.block_on_inbox(Some(deadline));
F31	crates/sema-eval/src/eval.rs:690:                // legacy-parity error (`channel/recv: channel is empty` /
F31	crates/sema-eval/src/eval.rs:691:                // `channel/send: channel is full` for a top-level channel op, or
F31	crates/sema-eval/src/eval.rs:69:    /// `async/spawn` tasks, timers, promises and channels survive *between*
F34D	crates/sema-eval/src/prelude.rs:137:;; (async/await (ws/listen sock {:on-message (fn (c m) (println m))}))
F34A	crates/sema-eval/src/prelude.rs:146:       (async/spawn
F34A	crates/sema-eval/src/prelude.rs:506:;; The OWNED combinators (`async/spawn-all`, `async/map`, `async/pool-map`,
F34B	crates/sema-eval/src/prelude.rs:507:;; `async/race-owned`, `async/with-timeout`) OWN the tasks they create: on a
F34A	crates/sema-eval/src/prelude.rs:510:;; observational `async/all`/`async/race`/`async/timeout`, which never cancel the
F34A	crates/sema-eval/src/prelude.rs:515:;; A hard constraint drives the helper shape: `async/spawn`/`async/cancel` are
F34A	crates/sema-eval/src/prelude.rs:521:;; async/spawn …)`. Pure list ops (length, etc.) stay fine.
F34A	crates/sema-eval/src/prelude.rs:524:;; promises in INPUT order. Bytecode-level recursion (async/spawn yields).
F34A	crates/sema-eval/src/prelude.rs:528:      (let ((p (async/spawn (car thunks))))
F34A	crates/sema-eval/src/prelude.rs:540:        (let ((p (async/spawn (fn () (wf item)))))
F34A	crates/sema-eval/src/prelude.rs:544:;; reap of owned children on a fail-fast path). Bytecode-level (async/cancel
F34A	crates/sema-eval/src/prelude.rs:549:      (begin (async/cancel (car promises))
F34A	crates/sema-eval/src/prelude.rs:553:;; order. Fail-fast + OWNED: `async/all` raises on the FIRST child failure/
F34A	crates/sema-eval/src/prelude.rs:556:;; before its side effects — the ownership property the observational `async/all`
F34A	crates/sema-eval/src/prelude.rs:562:      (try (async/all children)
F34A	crates/sema-eval/src/prelude.rs:568:;; (bytecode-level channel/send — capacity is exactly k so none block).
F34A	crates/sema-eval/src/prelude.rs:572:      (begin (channel/send sem #t)
F34A	crates/sema-eval/src/prelude.rs:588:;; pre-filled with `n` tokens: each spawned task first `(channel/recv sem)`
F34A	crates/sema-eval/src/prelude.rs:594:;; semaphore or mid-`f`) before re-raising — unlike the observational `async/all`.
F34A	crates/sema-eval/src/prelude.rs:609:                     (channel/recv pool-sem#)             ; acquire a slot (parks if full)
F34A	crates/sema-eval/src/prelude.rs:612:                       (channel/send pool-sem# #t)         ; release on BOTH paths
F34A	crates/sema-eval/src/prelude.rs:626:;; async/spawn …)`): `async/spawn` is a yield primitive whose signal the runtime
F34A	crates/sema-eval/src/prelude.rs:638:     (for-range (i# 0 ,n) (channel/send fo-sem# #t))   ; n concurrency tokens
F34A	crates/sema-eval/src/prelude.rs:641:               (channel/recv fo-sem#)                   ; acquire (parks when full)
F34A	crates/sema-eval/src/prelude.rs:644:                 (channel/send fo-sem# #t)              ; release on BOTH paths
F34A	crates/sema-eval/src/prelude.rs:646:       (async/all (__spawn-apply fo-worker# fo-items#)))))
F34B	crates/sema-eval/src/prelude.rs:715:;; On throw: sleeps base-ms * factor^(n-1) via (async/sleep …) — cooperative, parks
F34B	crates/sema-eval/src/prelude.rs:735:                                  (async/sleep delay#)    ; cooperative backoff
F34B	crates/sema-eval/src/prelude.rs:746:;; so in async context the loop lives here, backing off via `async/sleep`
F34B	crates/sema-eval/src/prelude.rs:750:;; the byte-identical blocking native runs (real `thread::sleep`, no
F34B	crates/sema-eval/src/prelude.rs:761:                                 (when (> __retry-delay 0) (async/sleep __retry-delay))
F34A	crates/sema-eval/src/prelude.rs:815:;; async/spawn-all: spawn a list of zero-arg thunks as concurrent tasks and await
F34A	crates/sema-eval/src/prelude.rs:819:;; before propagating (fail-fast), unlike the observational `async/all`. Empty
F34A	crates/sema-eval/src/prelude.rs:822:;;   (async/spawn-all (list (fn () (http/get a)) (fn () (http/get b))))  ; both at once
F34A	crates/sema-eval/src/prelude.rs:823:(defmacro async/spawn-all (thunks)
F34A	crates/sema-eval/src/prelude.rs:835:;; async/race-owned: run a list of zero-arg thunks concurrently and settle on the
F34A	crates/sema-eval/src/prelude.rs:838:;; the observational `async/race` (which leaves losers running). Requires ≥1 thunk.
F34A	crates/sema-eval/src/prelude.rs:840:;;   (async/race-owned (list (fn () (http/get mirror-a)) (fn () (http/get mirror-b))))
F34A	crates/sema-eval/src/prelude.rs:841:(define (async/race-owned thunks)
F34A	crates/sema-eval/src/prelude.rs:843:      (error "async/race-owned: requires at least one thunk")
F34A	crates/sema-eval/src/prelude.rs:845:        ;; `async/race` settles on the FIRST child (value or error); either way we
F34A	crates/sema-eval/src/prelude.rs:848:        (try (let ((winner (async/race children)))
F34A	crates/sema-eval/src/prelude.rs:862:  (let ((child (async/spawn thunk))
F34A	crates/sema-eval/src/prelude.rs:864:        ;; child tells the two apart without relying on `async/timeout` (which
F34B	crates/sema-eval/src/prelude.rs:866:        (timer (async/spawn (fn () (async/sleep ms) :__with-timeout-elapsed))))
F34B	crates/sema-eval/src/prelude.rs:867:    (let ((outcome (try {:v (async/race (list child timer))}
F34A	crates/sema-eval/src/prelude.rs:870:      (async/cancel child)
F34B	crates/sema-eval/src/prelude.rs:871:      (async/cancel timer)
F34C	crates/sema-eval/src/prelude.rs:881:;; so sibling tasks overlap during the conversation, and `async/timeout`/`async/cancel`
F34C	crates/sema-eval/src/prelude.rs:965:;; CONTEXT — a callback that itself yields (async/sleep, channel ops, await) is
F35B	crates/sema-io/src/executor.rs:11://! burning one worker apiece — the ceiling the old blocking-tier `io_block_on`
F35A	crates/sema-io/src/executor.rs:379:                std::thread::sleep(Duration::from_millis(ms));
F35A	crates/sema-io/src/executor.rs:409:        rx.recv_timeout(Duration::from_secs(2))
F35A	crates/sema-io/src/executor.rs:411:        rx.recv_timeout(Duration::from_secs(2))
F35A	crates/sema-io/src/executor.rs:454:        std::thread::sleep(Duration::from_millis(200));
F35A	crates/sema-io/src/executor.rs:483:        rx.recv_timeout(Duration::from_secs(2))
F35B	crates/sema-io/src/lib.rs:124:    fn block_on_boxed(&self, fut: Pin<Box<dyn Future<Output = ()> + '_>>) {
F35B	crates/sema-io/src/lib.rs:125:        pool().block_on(fut);
F35B	crates/sema-io/src/lib.rs:194:pub fn io_block_on<F: Future>(fut: F) -> F::Output {
F35B	crates/sema-io/src/lib.rs:197:    sema_core::io_block_on(fut)
F35B	crates/sema-io/src/lib.rs:206:/// How many [`io_block_on`] entries have occurred (identity oracle; see
F35B	crates/sema-io/src/lib.rs:208:pub fn block_on_ops() -> u64 {
F35B	crates/sema-io/src/lib.rs:24://! exists because an offloaded unit may `io_block_on` a reqwest future whose
F35A	crates/sema-io/src/lib.rs:31://! `thread::sleep`s inside it — long backoffs occupy a permit by design (they
F35B	crates/sema-io/src/lib.rs:44://! tokio upgrade that changes the rules fails loudly): `io_block_on` is legal
F35B	crates/sema-io/src/lib.rs:46://! `spawn_blocking` closures — `block_on` drives the future on the CALLING
F35B	crates/sema-io/src/lib.rs:68:/// `block_on`'d future may transiently need (GaiResolver DNS) — see the module
F35A	crates/sema-io/src/lib.rs:7://! / [`io_block_on`] wrappers below, which install the backend on first use —
F35B	crates/sema-io/src/lib.rs:80:/// Seam-entry counter for the `block_on` tier. `block_on` drives the future on
C07D	crates/sema-llm/src/anthropic.rs:511:        sema_io::io_block_on(self.complete_async(request))
C07D	crates/sema-llm/src/anthropic.rs:527:        // io_block_on drives ON THIS thread: `on_chunk` may touch non-Send Sema
C07D	crates/sema-llm/src/anthropic.rs:529:        sema_io::io_block_on(self.stream_complete_async(request, on_chunk))
C07D	crates/sema-llm/src/anthropic.rs:533:        sema_io::io_block_on(async {
C11	crates/sema-llm/src/builtins.rs:10133:thread_local! {
C11	crates/sema-llm/src/builtins.rs:10339:                    std::thread::sleep(std::time::Duration::from_millis(rate_limit_wait_ms));
C11	crates/sema-llm/src/builtins.rs:10468:/// A failure is NEVER surfaced through the poller (an `IoPoll::Ready(Err)`
C11	crates/sema-llm/src/builtins.rs:10492:                    match rx.recv() {
C10	crates/sema-llm/src/builtins.rs:10686:            std::thread::sleep(std::time::Duration::from_millis(STREAM_POLL_INTERVAL_MS));
C11	crates/sema-llm/src/builtins.rs:10701:    if let Some(v) = sema_core::take_resume_value() {
C07C	crates/sema-llm/src/builtins.rs:10903:                let _ = sema_core::call_callback(ctx, callback, &[Value::map(event_map)]);
C07C	crates/sema-llm/src/builtins.rs:10956:                let _ = sema_core::call_callback(ctx, callback, &[Value::map(event_map)]);
C07C	crates/sema-llm/src/builtins.rs:11029:    let result = sema_core::call_callback(ctx, &tool_def.handler, &sema_args)?;
C07C	crates/sema-llm/src/builtins.rs:1275:                sema_core::call_callback(ctx, &complete_fn, &[request_map])
C07B	crates/sema-llm/src/builtins.rs:2367:    // (its own `in_async_context()` branch below already offloads the no-tools
C07C	crates/sema-llm/src/builtins.rs:2541:                sema_core::call_callback(ctx, cb, &[Value::string(chunk)])
C08	crates/sema-llm/src/builtins.rs:258:// can defer past the reset. The scheduler captures this scope at `async/spawn` and
C11	crates/sema-llm/src/builtins.rs:26:thread_local! {
C07B	crates/sema-llm/src/builtins.rs:3329:    // is not `async/cancel`-addressable). The prelude `agent/run` / `llm/chat`
C07B	crates/sema-llm/src/builtins.rs:3334:    // `async/await` inside it) parks on the active task and resumes through the
C07C	crates/sema-llm/src/builtins.rs:3470:            let result = sema_core::call_callback(ctx, func, &[item.clone()])?;
C07B	crates/sema-llm/src/builtins.rs:3522:        if let Some(v) = sema_core::take_resume_value() {
C07D	crates/sema-llm/src/builtins.rs:3566:        // their own concurrency internally via `sema_io::io_block_on(join_all(..))`
C07B	crates/sema-llm/src/builtins.rs:3760:    // on `sema_core::in_async_context()`:
C07B	crates/sema-llm/src/builtins.rs:3768:    // yields `AwaitIo` so sibling tasks overlap; the IoHandle poller (which runs
C07B	crates/sema-llm/src/builtins.rs:3785:        if let Some(v) = sema_core::take_resume_value() {
C11	crates/sema-llm/src/builtins.rs:399:thread_local! {
C07B	crates/sema-llm/src/builtins.rs:4031:        if let Some(v) = sema_core::take_resume_value() {
C07B	crates/sema-llm/src/builtins.rs:430:// `async/timeout` or a pool error-path) still runs to completion and decrements the
C07C	crates/sema-llm/src/builtins.rs:4696:            let result = sema_core::call_callback(ctx, pred, &[msg_val])?;
C07C	crates/sema-llm/src/builtins.rs:4720:            let result = sema_core::call_callback(ctx, func, &[msg_val])?;
C07C	crates/sema-llm/src/builtins.rs:5125:                let result = sema_core::call_callback(ctx, func, &[Value::message(msg.clone())])?;
C07C	crates/sema-llm/src/builtins.rs:5180:            if sema_core::call_callback(ctx, pred, std::slice::from_ref(&msg_val))?.is_truthy() {
C07D	crates/sema-llm/src/builtins.rs:6114:        // with the shipped `async/await` pattern.
C07B	crates/sema-llm/src/builtins.rs:6115:        if let Some(v) = sema_core::take_resume_value() {
C10	crates/sema-llm/src/builtins.rs:6164:        std::thread::sleep(std::time::Duration::from_millis(ms));
C07B	crates/sema-llm/src/builtins.rs:617:/// a legacy scheduler task, OR a unified-runtime SPAWNED task (a real `async/spawn` /
C07C	crates/sema-llm/src/builtins.rs:6402:                            sema_core::call_callback(ctx, validate_fn, std::slice::from_ref(val))
C11	crates/sema-llm/src/builtins.rs:6612:thread_local! {
C11	crates/sema-llm/src/builtins.rs:67:/// so they satisfy the `'static` bound required by `thread_local!`.
C07C	crates/sema-llm/src/builtins.rs:6807:        sema_core::call_callback(ctx, on_text, &[Value::string(chunk)])
C07B	crates/sema-llm/src/builtins.rs:6856:/// must run on the VM thread. The async/runtime `llm/complete` path yields
C07B	crates/sema-llm/src/builtins.rs:7135:/// RUNTIME's External wait: inside a genuine spawned task (a real `async/spawn` /
C07B	crates/sema-llm/src/builtins.rs:7179:/// and an `async/cancel` runs the wait's abort (dropping the in-flight request). On
C11	crates/sema-llm/src/builtins.rs:7195:    if let Some(v) = sema_core::take_resume_value() {
C07B	crates/sema-llm/src/builtins.rs:7252:            // A mid-flight `async/cancel`/`async/timeout` fires the hook's one-shot
C07D	crates/sema-llm/src/builtins.rs:7255:            // drives the job with a thread-parking `block_on` (no task abort).
C07D	crates/sema-llm/src/builtins.rs:7428:/// async tier drives futures with `block_on` (no task-abort). Lives on the runtime
C07B	crates/sema-llm/src/builtins.rs:743:/// `NativeOutcome::Call`, so an async op inside the thunk (`async/spawn`,
C07C	crates/sema-llm/src/builtins.rs:745:/// `call_callback` re-entry would suspend the runtime quantum and hit the
C07C	crates/sema-llm/src/builtins.rs:747:/// legacy `call_callback` extent): a thunk that only builds a promise tears down
C07C	crates/sema-llm/src/builtins.rs:767:                let result = sema_core::call_callback(ctx, &body_fn, &[]);
C11	crates/sema-llm/src/builtins.rs:8108:thread_local! {
C07D	crates/sema-llm/src/builtins.rs:8188:/// Synchronous-path loop (the VM thread; provider `block_on` already returned
C10	crates/sema-llm/src/builtins.rs:8189:/// before the backoff `thread::sleep`); the async wire stage uses the twin
C10	crates/sema-llm/src/builtins.rs:8212:                        std::thread::sleep(std::time::Duration::from_millis(wait));
C07D	crates/sema-llm/src/builtins.rs:8632:        // synchronous caller thread (the provider's own block_on has already
C10	crates/sema-llm/src/builtins.rs:8637:            std::thread::sleep(std::time::Duration::from_millis(sleep_ms));
C10	crates/sema-llm/src/builtins.rs:8653:/// offloaded future, or a `std::thread::sleep` on a pool worker) so sibling
C11	crates/sema-llm/src/builtins.rs:8989:thread_local! {
C11	crates/sema-llm/src/builtins.rs:9446:    if let Some(v) = sema_core::take_resume_value() {
C07B	crates/sema-llm/src/builtins.rs:9498:    // `async/cancel` cuts the loop at an inter-round park.
C07B	crates/sema-llm/src/builtins.rs:9555:    // `mcp/call`'s runtime external wait, or an `async/await` inside the handler),
C07C	crates/sema-llm/src/builtins.rs:9577:            let _ = sema_core::call_callback(ctx, callback, &[Value::map(event_map)]);
C07C	crates/sema-llm/src/builtins.rs:9613:            let _ = sema_core::call_callback(ctx, callback, &[Value::map(event_map)]);
C07B	crates/sema-llm/src/builtins.rs:9829:                    // e.g. channel/send), then dispatch the handler; or dispatch the
C07D	crates/sema-llm/src/embeddings.rs:237:        sema_io::io_block_on(self.embed_async(request))
C07D	crates/sema-llm/src/embeddings.rs:247:            Some(dialect) => sema_io::io_block_on(self.rerank_async(request, dialect)),
C07D	crates/sema-llm/src/embeddings.rs:392:        sema_io::io_block_on(self.embed_async(request))
C07D	crates/sema-llm/src/embeddings.rs:401:        sema_io::io_block_on(self.rerank_async(request))
C18	crates/sema-llm/src/fake.rs:504:            std::thread::sleep(std::time::Duration::from_millis(self.chat_delay_ms));
C18	crates/sema-llm/src/fake.rs:537:                std::thread::sleep(std::time::Duration::from_millis(self.stream_chunk_delay_ms));
C18	crates/sema-llm/src/fake.rs:580:            std::thread::sleep(std::time::Duration::from_millis(self.embed_delay_ms));
C18	crates/sema-llm/src/fake.rs:597:            std::thread::sleep(std::time::Duration::from_millis(self.rerank_delay_ms));
C07D	crates/sema-llm/src/gemini.rs:475:        sema_io::io_block_on(self.complete_async(request))
C07D	crates/sema-llm/src/gemini.rs:491:        // io_block_on drives ON THIS thread: `on_chunk` may touch non-Send Sema
C07D	crates/sema-llm/src/gemini.rs:493:        sema_io::io_block_on(self.stream_complete_async(request, on_chunk))
C07D	crates/sema-llm/src/gemini.rs:497:        sema_io::io_block_on(async {
C07D	crates/sema-llm/src/ollama.rs:333:        sema_io::io_block_on(self.complete_async(request))
C07D	crates/sema-llm/src/ollama.rs:349:        // io_block_on drives ON THIS thread: `on_chunk` may touch non-Send Sema
C07D	crates/sema-llm/src/ollama.rs:351:        sema_io::io_block_on(self.stream_complete_async(request, on_chunk))
C07D	crates/sema-llm/src/ollama.rs:355:        sema_io::io_block_on(async {
C07D	crates/sema-llm/src/openai.rs:12:thread_local! {
C07D	crates/sema-llm/src/openai.rs:799:        // GUARD: the io_block_on calls in this method are STRICTLY SEQUENTIAL and
C07D	crates/sema-llm/src/openai.rs:801:        // block_on inside a block_on'd future would panic (see the sema-io
C07D	crates/sema-llm/src/openai.rs:809:        let mut result = sema_io::io_block_on(self.complete_async(request.clone()));
C07D	crates/sema-llm/src/openai.rs:822:            result = sema_io::io_block_on(self.complete_async(request.clone()));
C07D	crates/sema-llm/src/openai.rs:868:        // io_block_on drives ON THIS thread: `on_chunk` may touch non-Send Sema
C07D	crates/sema-llm/src/openai.rs:869:        // values and must never migrate to a pool worker. The io_block_on calls
C07D	crates/sema-llm/src/openai.rs:877:            sema_io::io_block_on(self.stream_complete_async(request.clone(), on_chunk));
C07D	crates/sema-llm/src/openai.rs:890:            result = sema_io::io_block_on(self.stream_complete_async(request.clone(), on_chunk));
C07D	crates/sema-llm/src/openai.rs:896:        sema_io::io_block_on(async {
C07D	crates/sema-llm/src/openai.rs:906:        sema_io::io_block_on(self.embed_async(request))
C09	crates/sema-llm/src/pricing.rs:92:thread_local! {
C07D	crates/sema-llm/src/provider.rs:40:    /// async/runtime path must run it SYNCHRONOUSLY on the VM thread instead of
H05	crates/sema-lsp/src/handlers/command.rs:209:        handle.block_on(async {
H05	crates/sema-lsp/src/server.rs:749:            rx.blocking_recv()
H05	crates/sema-lsp/src/server.rs:840:                    handle.block_on(async {
H05	crates/sema-lsp/src/server.rs:850:                    handle.block_on(async {
C13	crates/sema-mcp/src/builtins.rs:1067:    // on the VM thread. Checked before the legacy `in_async_context` path.
C13	crates/sema-mcp/src/builtins.rs:1083:    let result = block_on(call_tool_async(
C13	crates/sema-mcp/src/builtins.rs:1328:                                let result = sema_io::io_block_on(call_tool_async(
C13	crates/sema-mcp/src/builtins.rs:1655:    let result = block_on(list_tools_async(&mut conn));
C13	crates/sema-mcp/src/builtins.rs:1681:        let _ = block_on(close_async(&mut conn));
C13	crates/sema-mcp/src/builtins.rs:1747:        let result = block_on(close_async(&mut conn));
C13	crates/sema-mcp/src/builtins.rs:20://! Inside an `async/spawn`'d task (`sema_core::in_async_context()`), all four
C13	crates/sema-mcp/src/builtins.rs:26://! see [`block_on`].
C13	crates/sema-mcp/src/builtins.rs:312:/// non-async-context) path. Routes through `sema_io::io_block_on`, the ADR
C13	crates/sema-mcp/src/builtins.rs:317:/// offered both: "keep TOKIO_RT/block_on... or route through the sanctioned
C13	crates/sema-mcp/src/builtins.rs:325:/// from inside `async/spawn` parked on `AwaitIo` indefinitely). Routing every
C13	crates/sema-mcp/src/builtins.rs:330:/// behavior is unchanged: `io_block_on` blocks the calling thread until the
C13	crates/sema-mcp/src/builtins.rs:332:fn block_on<F: Future>(future: F) -> F::Output {
C13	crates/sema-mcp/src/builtins.rs:333:    sema_io::io_block_on(future)
C13	crates/sema-mcp/src/builtins.rs:40://! **Cancellation semantics.** If a task is cancelled (`async/cancel`,
C13	crates/sema-mcp/src/builtins.rs:413:/// access — legal to drive via the sync `block_on` or `sema_io::io_block_on`.
C13	crates/sema-mcp/src/builtins.rs:41://! `async/timeout` expiry) while it holds a connection's checkout, the slot is
C13	crates/sema-mcp/src/builtins.rs:740:/// via the blocking [`block_on`]) — shared by `mcp/connect`'s synchronous
C13	crates/sema-mcp/src/builtins.rs:749:    let (client, identity) = block_on(connect_dispatch_async(
C13	crates/sema-mcp/src/builtins.rs:774:/// `async/spawn`) — see `docs/plans/2026-06-24-workflow-mcp-auth.md` §3.
C13	crates/sema-mcp/src/builtins.rs:79:thread_local! {
C13	crates/sema-mcp/src/client_auth.rs:35:        rt.block_on(async {
C13	crates/sema-mcp/src/client_auth.rs:88:/// `block_on` already active on the same thread.
C13	crates/sema-mcp/src/client_auth.rs:95:    rt.block_on(async {
C13	crates/sema-mcp/src/oauth/flow.rs:276:            let request = server.recv().expect("receive token request");
H07	crates/sema-mcp/src/oauth/loopback.rs:84:                .recv_timeout(remaining)
H07	crates/sema-mcp/src/tools.rs:548:    // runtime, the sole async engine, so async/await, channels, and timers work
H06	crates/sema-notebook/src/bridge.rs:126:            while let Some(req) = rt.block_on(rx.recv()) {
H06	crates/sema-notebook/src/engine.rs:144:    /// whichever cell this engine is currently driving (`async/sleep 60000`
H06	crates/sema-notebook/src/engine.rs:627:                   (channel/send ch (list ch))
H06	crates/sema-notebook/src/engine.rs:917:                std::thread::sleep(Duration::from_millis(1));
H06	crates/sema-notebook/src/engine.rs:923:        let (_, result) = engine.create_and_eval("(async/sleep 60000)").unwrap();
C06	crates/sema-otel/src/imp.rs:142:/// propagation across `async/spawn` (a `(with-span … (async/map …))` becomes one
C06	crates/sema-otel/src/imp.rs:336:    // `thread_local!` block, but std destroys them in an unspecified order, so a window
C06	crates/sema-otel/src/imp.rs:458:        std::thread::sleep(Duration::from_millis(25));
C06	crates/sema-otel/src/imp.rs:83:thread_local! {
R02	crates/sema-stdlib/src/archive.rs:10://! `async/spawn` (`in_async_context()`) — offloads it onto the process-wide
R02	crates/sema-stdlib/src/archive.rs:21://! follow the same `in_async_context()` gate and offload through `fs_offload`
R02	crates/sema-stdlib/src/archive.rs:358:    // DEFLATE pass is CPU-bound; inside async/spawn it's offloaded to the I/O
R01A	crates/sema-stdlib/src/async_ops.rs:10:    Value, ValueView, YieldReason,
R01B	crates/sema-stdlib/src/async_ops.rs:15:/// Parse a duration-in-milliseconds argument for `async/sleep` / `async/timeout`.
R01A	crates/sema-stdlib/src/async_ops.rs:234:/// `async/await` continuation: the awaited promise settled (delivered as a
R01A	crates/sema-stdlib/src/async_ops.rs:257:                "async/await: awaited promise resumed with an unexpected runtime response",
R01A	crates/sema-stdlib/src/async_ops.rs:263:/// `async/all` continuation: on success the runtime delivers every observed
R01A	crates/sema-stdlib/src/async_ops.rs:298:                "async/all: resumed with an unexpected runtime response",
R01A	crates/sema-stdlib/src/async_ops.rs:304:/// `async/race` and `async/timeout` continuation: the winning settlement is
R01A	crates/sema-stdlib/src/async_ops.rs:305:/// delivered as a single `Settlement`; an elapsed `async/timeout` deadline
R01D	crates/sema-stdlib/src/async_ops.rs:334:/// `async/cancel` continuation: returns the boolean first-request result.
R01D	crates/sema-stdlib/src/async_ops.rs:355:                "async/cancel: resumed with an unexpected runtime response",
R01D	crates/sema-stdlib/src/async_ops.rs:407:/// `async/run` continuation: the origin-root drain completed; resume with nil.
R01D	crates/sema-stdlib/src/async_ops.rs:441:    // async/spawn — spawn a thunk as a detached task; resume with its promise.
R01D	crates/sema-stdlib/src/async_ops.rs:442:    register_runtime_fn(env, "async/spawn", |args| {
R01D	crates/sema-stdlib/src/async_ops.rs:443:        check_arity!(args, "async/spawn", 1);
R01A	crates/sema-stdlib/src/async_ops.rs:450:    // async/await — suspend until the promise settles. A rejection re-raises the
R01A	crates/sema-stdlib/src/async_ops.rs:455:    // that are already plain values — e.g. an `async/all` value list — pass
R01A	crates/sema-stdlib/src/async_ops.rs:457:    register_runtime_fn(env, "async/await", |args| {
R01A	crates/sema-stdlib/src/async_ops.rs:458:        check_arity!(args, "async/await", 1);
R01D	crates/sema-stdlib/src/async_ops.rs:468:    // async/run — suspend on the self-resolving-waits barrier: wait until every
R01D	crates/sema-stdlib/src/async_ops.rs:471:    register_runtime_fn(env, "async/run", |args| {
R01D	crates/sema-stdlib/src/async_ops.rs:472:        check_arity!(args, "async/run", 0);
R01D	crates/sema-stdlib/src/async_ops.rs:518:    register_runtime_fn(env, "async/cancelled?", |args| {
R01D	crates/sema-stdlib/src/async_ops.rs:519:        inspect_op(args, "async/cancelled?", Predicate::Cancelled)
R01D	crates/sema-stdlib/src/async_ops.rs:522:    // async/cancel — request cancellation of the spawned task behind a promise.
R01D	crates/sema-stdlib/src/async_ops.rs:525:    register_runtime_fn(env, "async/cancel", |args| {
R01D	crates/sema-stdlib/src/async_ops.rs:526:        check_arity!(args, "async/cancel", 1);
R01D	crates/sema-stdlib/src/async_ops.rs:527:        let id = expect_promise(args, "async/cancel", 0)?;
R01D	crates/sema-stdlib/src/async_ops.rs:52:        "async/await: awaited task was cancelled",
R01A	crates/sema-stdlib/src/async_ops.rs:534:    // async/all — OBSERVE every supplied promise; resume with the input-ordered
R01A	crates/sema-stdlib/src/async_ops.rs:537:    register_runtime_fn(env, "async/all", |args| {
R01A	crates/sema-stdlib/src/async_ops.rs:538:        check_arity!(args, "async/all", 1);
R01A	crates/sema-stdlib/src/async_ops.rs:539:        let items = expect_list_or_vector(&args[0], "async/all")?;
R01A	crates/sema-stdlib/src/async_ops.rs:540:        let promises = collect_promise_ids(items, "async/all")?;
R01A	crates/sema-stdlib/src/async_ops.rs:550:    // async/race — OBSERVE the supplied promises; resume with the first (lowest-
R01A	crates/sema-stdlib/src/async_ops.rs:552:    register_runtime_fn(env, "async/race", |args| {
R01A	crates/sema-stdlib/src/async_ops.rs:553:        check_arity!(args, "async/race", 1);
R01A	crates/sema-stdlib/src/async_ops.rs:554:        let items = expect_list_or_vector(&args[0], "async/race")?;
R01A	crates/sema-stdlib/src/async_ops.rs:556:            return Err(SemaError::eval("async/race: requires at least one promise"));
R01A	crates/sema-stdlib/src/async_ops.rs:558:        let promises = collect_promise_ids(items, "async/race")?;
R01B	crates/sema-stdlib/src/async_ops.rs:568:    // async/timeout — OBSERVE a single promise bounded by a deadline. An
R01B	crates/sema-stdlib/src/async_ops.rs:571:    register_runtime_fn(env, "async/timeout", |args| {
R01B	crates/sema-stdlib/src/async_ops.rs:572:        check_arity!(args, "async/timeout", 2);
R01B	crates/sema-stdlib/src/async_ops.rs:573:        let ms = duration_ms(&args[0], "async/timeout")?;
R01B	crates/sema-stdlib/src/async_ops.rs:577:                "async/timeout: duration {ms} ms exceeds maximum {MAX_TIMEOUT_MS} ms (1 day)"
R01A	crates/sema-stdlib/src/async_ops.rs:581:        let id = expect_promise(args, "async/timeout", 1)?;
R01B	crates/sema-stdlib/src/async_ops.rs:591:    // async/sleep — suspend for a duration in milliseconds.
R01B	crates/sema-stdlib/src/async_ops.rs:606:        sema_core::intern("async/sleep"),
R01B	crates/sema-stdlib/src/async_ops.rs:608:            "async/sleep",
R01A	crates/sema-stdlib/src/async_ops.rs:612:                    if let Some(cached) = take_resume_value() {
R01B	crates/sema-stdlib/src/async_ops.rs:615:                    set_yield_signal(YieldReason::Sleep(ms));
R01A	crates/sema-stdlib/src/async_ops.rs:620:                std::thread::sleep(std::time::Duration::from_millis(ms));
R01C	crates/sema-stdlib/src/async_ops.rs:636:/// The error raised when `channel/send` finds the channel closed (eagerly or
R01B	crates/sema-stdlib/src/async_ops.rs:63:/// Validate and cap `async/sleep`'s duration argument, returning the sleep in
R01C	crates/sema-stdlib/src/async_ops.rs:641:        "channel/send: channel is closed; value {value} was dropped"
R01B	crates/sema-stdlib/src/async_ops.rs:66:    check_arity!(args, "async/sleep", 1);
R01C	crates/sema-stdlib/src/async_ops.rs:671:/// `channel/send` continuation: `Sent` → nil; `Closed` → the closed-send error
R01B	crates/sema-stdlib/src/async_ops.rs:67:    let ms = duration_ms(&args[0], "async/sleep")?;
R01B	crates/sema-stdlib/src/async_ops.rs:68:    // Cap the duration (mirrors async/timeout). The runtime/scheduler virtual
R01C	crates/sema-stdlib/src/async_ops.rs:700:            _ => Err(SemaError::eval("channel/send: unexpected runtime response")),
R01C	crates/sema-stdlib/src/async_ops.rs:705:/// `channel/recv` continuation: `Received(v)` → v; `Closed` → nil (the documented
R01A	crates/sema-stdlib/src/async_ops.rs:70:    // whole delta in one `thread::sleep`; without a bound an out-of-range
R01C	crates/sema-stdlib/src/async_ops.rs:731:            _ => Err(SemaError::eval("channel/recv: unexpected runtime response")),
R01B	crates/sema-stdlib/src/async_ops.rs:75:            "async/sleep: duration {ms} ms exceeds maximum {MAX_SLEEP_MS} ms (1 day)"
R01B	crates/sema-stdlib/src/async_ops.rs:82:/// Continuation for `async/sleep` under the unified runtime. A timer wait carries
R01C	crates/sema-stdlib/src/async_ops.rs:862:    // channel/send — send a value; suspend until buffered/handed to a receiver.
R01C	crates/sema-stdlib/src/async_ops.rs:865:    register_runtime_fn(env, "channel/send", |args| {
R01C	crates/sema-stdlib/src/async_ops.rs:866:        check_arity!(args, "channel/send", 2);
R01C	crates/sema-stdlib/src/async_ops.rs:867:        let channel = expect_channel(args, "channel/send", 0)?;
R01C	crates/sema-stdlib/src/async_ops.rs:879:    // channel/recv — receive a value; suspend until one is available. A closed +
R01C	crates/sema-stdlib/src/async_ops.rs:881:    register_runtime_fn(env, "channel/recv", |args| {
R01C	crates/sema-stdlib/src/async_ops.rs:882:        check_arity!(args, "channel/recv", 1);
R01C	crates/sema-stdlib/src/async_ops.rs:883:        let channel = expect_channel(args, "channel/recv", 0)?;
R01A	crates/sema-stdlib/src/async_ops.rs:9:    check_arity, in_runtime_quantum, set_yield_signal, take_resume_value, Env, NativeFn, SemaError,
R23A	crates/sema-stdlib/src/context.rs:100:        let result = sema_core::call_callback(ctx, thunk, &[]);
R03	crates/sema-stdlib/src/diff.rs:14://! `async/spawn` (`in_async_context()`) — offloaded through `fs_offload`
R04	crates/sema-stdlib/src/event.rs:39:/// cooperative-scheduler `in_async_context()` `AwaitIo` poll. The unified-runtime
R04	crates/sema-stdlib/src/event.rs:46:    // thread rather than `std::thread::sleep`-blocking it between scans, so
R04	crates/sema-stdlib/src/event.rs:60:        std::thread::sleep(Duration::from_millis(5));
R05	crates/sema-stdlib/src/fs_watch.rs:26:thread_local! {
R05	crates/sema-stdlib/src/fs_watch.rs:91:            let _ = stop_rx.recv(); // park until the registry entry is dropped
R06	crates/sema-stdlib/src/git.rs:166:/// executor's blocking worker (via `io_block_on` inside `runtime_offload`). The
R06	crates/sema-stdlib/src/git.rs:196:    if let Some(v) = sema_core::take_resume_value() {
R06	crates/sema-stdlib/src/git.rs:225:    if let Some(v) = sema_core::take_resume_value() {
R06	crates/sema-stdlib/src/git.rs:7://! Inside an `async/spawn`'d task every builtin offloads the subprocess onto
R07A	crates/sema-stdlib/src/http.rs:104:/// `reqwest::RequestBuilder`. Shared by both the synchronous `block_on` path and
R07A	crates/sema-stdlib/src/http.rs:233:    // Inside a unified-runtime VM quantum (an `async/spawn`'d task): offload the
R07A	crates/sema-stdlib/src/http.rs:237:    // the boundary, and an `async/cancel`/`async/timeout` aborts it by dropping
R07B	crates/sema-stdlib/src/http.rs:247:    // Top-level (not in any task): the synchronous path. `io_block_on` drives the
R07B	crates/sema-stdlib/src/http.rs:252:    let value = sema_io::io_block_on(async {
R07A	crates/sema-stdlib/src/http.rs:289:/// resume; cancellation (`async/cancel`/`async/timeout`) fires the wait's cancel
R07A	crates/sema-stdlib/src/http.rs:292:/// `IoHandle::with_abort` semantics.
R07A	crates/sema-stdlib/src/http.rs:302:    if let Some(v) = sema_core::take_resume_value() {
R08A	crates/sema-stdlib/src/io.rs:1044:// (`fs_offload`, gated on `in_async_context()`), which stays for the legacy
R08C	crates/sema-stdlib/src/io.rs:11:thread_local! {
R08A	crates/sema-stdlib/src/io.rs:1212:                std::thread::sleep(Duration::from_millis(delay));
R08B	crates/sema-stdlib/src/io.rs:1365:// chunk is offloaded — repeating via a hand-rolled `IoHandle` poll closure
R08A	crates/sema-stdlib/src/io.rs:1398:// untraced `IoHandle`, the runtime path re-checks the source on the VM thread and
R08A	crates/sema-stdlib/src/io.rs:1417:/// `IoHandle`.
R08A	crates/sema-stdlib/src/io.rs:1464:            std::thread::sleep(Duration::from_millis(RUNTIME_POLL_INTERVAL_MS));
R08A	crates/sema-stdlib/src/io.rs:1577:/// plus the legacy cooperative-scheduler `in_async_context()` `AwaitIo` poll. The
R08C	crates/sema-stdlib/src/io.rs:17:thread_local! {
R22A	crates/sema-stdlib/src/io.rs:2287:                    sema_core::call_callback(ctx, &func, &[Value::string(&line_buf)])?;
R22A	crates/sema-stdlib/src/io.rs:2335:                    acc = sema_core::call_callback_owned(ctx, &func, &mut cb_args)?;
R22A	crates/sema-stdlib/src/io.rs:2390:                    acc = sema_core::call_callback_owned(ctx, &func, &mut cb_args)?;
R09A	crates/sema-stdlib/src/kv.rs:77:thread_local! {
R22A	crates/sema-stdlib/src/list.rs:2121:/// A runtime-only native (`async/spawn`, `channel/*`, `async/resolved`, …) can
R22A	crates/sema-stdlib/src/list.rs:2154:/// Plain native callbacks (e.g. `(map channel/recv ...)`) don't have that
R22A	crates/sema-stdlib/src/list.rs:2162:        sema_core::with_stdlib_ctx(|ctx| sema_core::call_callback(ctx, func, args))
R22A	crates/sema-stdlib/src/list.rs:2173:    let result = sema_core::with_stdlib_ctx(|ctx| sema_core::call_callback_owned(ctx, func, args));
R22A	crates/sema-stdlib/src/list.rs:2180:    if sema_core::in_runtime_quantum() && sema_core::take_yield_signal().is_some() {
R22A	crates/sema-stdlib/src/list.rs:2184:             For example, `(map (fn (x) (channel/recv x)) ...)` instead of \
R22A	crates/sema-stdlib/src/list.rs:2185:             `(map channel/recv ...)`.",
R22A	crates/sema-stdlib/src/list.rs:479:/// (`(apply async/spawn …)`) suspends cleanly. `IdentityContinuation` returns
R22A	crates/sema-stdlib/src/list.rs:907:    // (`async/spawn`, `channel/*`, `async/resolved`, … — whose legacy value ABI
R22A	crates/sema-stdlib/src/list.rs:909:    // such an op can run/suspend, so `(apply async/spawn (list thunk))` works
R22A	crates/sema-stdlib/src/meta.rs:53:    // nonblocking-agent-run.md`) — so this real `thread::sleep` loop is only
R22A	crates/sema-stdlib/src/meta.rs:56:    // off via `async/sleep` instead.
R22A	crates/sema-stdlib/src/meta.rs:70:                        std::thread::sleep(std::time::Duration::from_millis(delay));
R23A	crates/sema-stdlib/src/otel.rs:86:/// async op inside it (`async/spawn`, `channel/*`, …) parks on the active task
R10	crates/sema-stdlib/src/pdf.rs:7://! `async/spawn` (`in_async_context()`) — offloads it through `fs_offload`
R11	crates/sema-stdlib/src/proc.rs:11://! lifetime. Inside an `async/spawn`'d task that would stall every sibling on
R11	crates/sema-stdlib/src/proc.rs:84:thread_local! {
R12	crates/sema-stdlib/src/pty.rs:12://! which can run for a long time. Inside an `async/spawn`'d task that would stall
R12	crates/sema-stdlib/src/pty.rs:64:thread_local! {
F09B	crates/sema-stdlib/src/runtime_offload.rs:105:/// call site (catchable by an enclosing try/catch, and by `async/timeout`).
F09B	crates/sema-stdlib/src/runtime_offload.rs:140:/// a `kill_on_drop` child) — the retired `IoHandle::with_abort` teardown. Lives on
F09B	crates/sema-stdlib/src/runtime_offload.rs:199:            // On a plain executor worker thread `io_block_on` is legal and enters
F09B	crates/sema-stdlib/src/runtime_offload.rs:204:            let out: Result<T, String> = sema_io::io_block_on(async move {
F09B	crates/sema-stdlib/src/runtime_offload.rs:226:/// same teardown the blocking tier gives, without an `io_block_on` worker.
F09B	crates/sema-stdlib/src/runtime_offload.rs:22://! dispatches with a bare thread-parking `block_on` and NO tokio reactor
F09B	crates/sema-stdlib/src/runtime_offload.rs:25://! future off the VM thread is [`sema_io::io_block_on`] on the executor's (plain
F09B	crates/sema-stdlib/src/runtime_offload.rs:28://! [`PreparedExternalOperation::interruptible_blocking`] + `io_block_on`, and
F09B	crates/sema-stdlib/src/runtime_offload.rs:29://! preserve the retired `IoHandle::with_abort` teardown by racing the work
F09B	crates/sema-stdlib/src/runtime_offload.rs:30://! against a cancel signal in a `tokio::select!`: on `async/cancel`/`async/timeout`
F09B	crates/sema-stdlib/src/runtime_offload.rs:314:/// running its future via [`sema_io::io_block_on`] and mapping the domain
F09B	crates/sema-stdlib/src/runtime_offload.rs:322:/// async reactor (a synchronous library call under `io_block_on`) pick this;
F09B	crates/sema-stdlib/src/runtime_offload.rs:453://     and cannot be reclaimed — best-effort, matching the retired `IoHandle`
R13	crates/sema-stdlib/src/secret.rs:13://! each do the scan synchronously at top level, but — inside `async/spawn`
R13	crates/sema-stdlib/src/secret.rs:14://! (`in_async_context()`) — offload the scan onto the process-wide I/O pool
R13	crates/sema-stdlib/src/secret.rs:233:        // CPU-bound and can run long over large inputs; inside async/spawn
R14	crates/sema-stdlib/src/serial.rs:86:thread_local! {
R14	crates/sema-stdlib/src/serial.rs:8://! VM thread for the operation's whole duration. Inside an `async/spawn`'d
R15A	crates/sema-stdlib/src/server.rs:1221:        while let Some(msg) = outgoing_rx.recv().await {
R15A	crates/sema-stdlib/src/server.rs:1298:/// `block_on`) that panicked when the channel was bounded + `blocking_send`.
R15B	crates/sema-stdlib/src/server.rs:1322:    use sema_core::call_callback;
R15B	crates/sema-stdlib/src/server.rs:1331:    // evaluator thread and may `send` from inside a provider's block_on (e.g.
R15B	crates/sema-stdlib/src/server.rs:1345:    match call_callback(ctx, &stream_handler, &[send_fn]) {
R15B	crates/sema-stdlib/src/server.rs:1360:    use sema_core::{call_callback, NativeFn};
R15B	crates/sema-stdlib/src/server.rs:1384:    // NOTE: `ws/send`/`ws/recv` below use bounded blocking_send/blocking_recv,
R15B	crates/sema-stdlib/src/server.rs:1387:    // callback fires inside the provider's block_on) would hit the same "block
R15B	crates/sema-stdlib/src/server.rs:1421:            match rx.blocking_recv() {
R15B	crates/sema-stdlib/src/server.rs:1456:    match call_callback(ctx, &ws_handler, &[conn]) {
R15B	crates/sema-stdlib/src/server.rs:1491:    use sema_core::call_callback;
R15B	crates/sema-stdlib/src/server.rs:1494:    // (`rx.blocking_recv()` in the dispatch loop) for the life of the server —
R15B	crates/sema-stdlib/src/server.rs:1496:    // do again. Inside `async/spawn` that thread IS the VM thread the
R15B	crates/sema-stdlib/src/server.rs:1509:        // (no async/spawn) — the CLI's error reporter prints `.hint()`
R15B	crates/sema-stdlib/src/server.rs:1510:        // separately. `async/await`ing a rejected task only sees this message.
R15B	crates/sema-stdlib/src/server.rs:1512:            "http/serve runs a blocking accept loop; it cannot be started inside async/spawn or \
R15B	crates/sema-stdlib/src/server.rs:1622:    let actual_port = match ready_rx.recv() {
R15B	crates/sema-stdlib/src/server.rs:1647:        if let Err(e) = call_callback(ctx, cb, &[Value::map(info)]) {
R15B	crates/sema-stdlib/src/server.rs:1656:    // at a time on the evaluator thread before looping back to `blocking_recv`
R15B	crates/sema-stdlib/src/server.rs:1658:    // `blocking_recv` on its own per-connection channel) only ever gets called
R15B	crates/sema-stdlib/src/server.rs:1659:    // from inside `call_callback` below — so a WS handler idling in `ws/recv`
R15B	crates/sema-stdlib/src/server.rs:1668:    while let Some(req) = rx.blocking_recv() {
R15B	crates/sema-stdlib/src/server.rs:1672:                match call_callback(ctx, &handler, &[request_val]) {
R15A	crates/sema-stdlib/src/server.rs:1753:        let result = rt.block_on(async {
R15A	crates/sema-stdlib/src/server.rs:1776:        rt.block_on(async {
R15B	crates/sema-stdlib/src/server.rs:381:                    let result = sema_core::call_callback(ctx, &handler, &tool_args)?;
R15A	crates/sema-stdlib/src/server.rs:78:    /// and may be inside a provider's `block_on` (e.g. llm/stream), where a
R15B	crates/sema-stdlib/src/server.rs:893:/// non-static handler through `call_callback` — the value ABI with its passed
R15B	crates/sema-stdlib/src/server.rs:896:    use sema_core::{call_callback, with_stdlib_ctx, EvalContext, NativeFn};
R15B	crates/sema-stdlib/src/server.rs:902:            let invoke = |handler: &Value, req: Value| call_callback(ctx, handler, &[req]);
R15B	crates/sema-stdlib/src/server.rs:912:                with_stdlib_ctx(|c| call_callback(c, handler, &[req]))
R16A	crates/sema-stdlib/src/sqlite.rs:23://! queues (an async caller's `IoHandle` re-attempts the checkout every poll —
R16A	crates/sema-stdlib/src/sqlite.rs:76:thread_local! {
R16A	crates/sema-stdlib/src/sqlite.rs:8://! thread for the operation's whole duration. Inside an `async/spawn`'d task
R17A	crates/sema-stdlib/src/stream.rs:4://! always synchronous, even inside `async/spawn`, no offload needed. File-backed
R22B	crates/sema-stdlib/src/string.rs:140:thread_local! {
R18C	crates/sema-stdlib/src/system.rs:112:            std::thread::sleep(std::time::Duration::from_millis(ms));
R18C	crates/sema-stdlib/src/system.rs:13:use sema_core::{check_arity, in_runtime_quantum, take_resume_value, Caps, SemaError, Value};
R18B	crates/sema-stdlib/src/system.rs:158:thread_local! {
R18C	crates/sema-stdlib/src/system.rs:21:/// Clamp for a blocking sleep routed to a worker thread (mirrors `async/sleep`):
R18C	crates/sema-stdlib/src/system.rs:25:/// Cancel hook for the blocking `sleep` worker. A `thread::sleep` cannot be
R18C	crates/sema-stdlib/src/system.rs:277:/// executor's blocking worker (via `io_block_on` inside `runtime_offload`). It
R18A	crates/sema-stdlib/src/system.rs:322:/// Cancel hook for the runtime `shell` op. On `async/cancel`/`async/timeout` it
R18C	crates/sema-stdlib/src/system.rs:379:    if let Some(v) = take_resume_value() {
R18C	crates/sema-stdlib/src/system.rs:529:    // VM thread — two `async/spawn`ed sleeps then overlap instead of serializing
R18C	crates/sema-stdlib/src/system.rs:530:    // on the VM thread (unlike `async/sleep`, which is a virtual timer). Outside
R18C	crates/sema-stdlib/src/system.rs:544:                // freeze every sibling task. Yield exactly like `async/sleep`
R18C	crates/sema-stdlib/src/system.rs:548:                std::thread::sleep(std::time::Duration::from_millis(ms as u64));
R18B	crates/sema-stdlib/src/system.rs:880:                        sema_core::call_callback(ctx, cb, &[])?;
R19	crates/sema-stdlib/src/terminal.rs:186:                std::thread::sleep(std::time::Duration::from_millis(SPINNER_INTERVAL_MS));
R19	crates/sema-stdlib/src/terminal.rs:37:thread_local! {
R23B	crates/sema-stdlib/src/workflow.rs:223:/// `async/spawn`, an offloaded `llm/chat` tool loop, `channel/*`) parks on the active
R23B	crates/sema-stdlib/src/workflow_mcp.rs:473:thread_local! {
R20A	crates/sema-stdlib/src/ws.rs:11://! channel. Top-level ops block the VM thread; ops inside an `async/spawn` task
R20A	crates/sema-stdlib/src/ws.rs:393:            cmd = cmd_rx.recv() => match cmd {
R20A	crates/sema-stdlib/src/ws.rs:447:    if let Some(v) = sema_core::take_resume_value() {
R20B	crates/sema-stdlib/src/ws.rs:481:    match ready_rx.blocking_recv() {
R20A	crates/sema-stdlib/src/ws.rs:513:        if let Some(v) = sema_core::take_resume_value() {
R20B	crates/sema-stdlib/src/ws.rs:526:    let ev = evt_rx.borrow_mut().blocking_recv();
R20A	crates/sema-stdlib/src/ws.rs:530:fn ws_recv_timeout(args: &[Value]) -> NativeResult {
R20A	crates/sema-stdlib/src/ws.rs:543:        if let Some(v) = sema_core::take_resume_value() {
R20B	crates/sema-stdlib/src/ws.rs:567:    let outcome = sema_io::io_block_on(async {
R20A	crates/sema-stdlib/src/ws.rs:724:    register_runtime_fn(env, "ws/recv-timeout", ws_recv_timeout);
F30	crates/sema-vm/src/debug.rs:412:    AsyncYield(sema_core::YieldReason),
C16	crates/sema-vm/src/lower.rs:1013:/// (async body ...) → wrap body in zero-arg lambda, call async/spawn
C16	crates/sema-vm/src/lower.rs:1032:        func: Box::new(CoreExpr::Var(intern("async/spawn"))),
C16	crates/sema-vm/src/lower.rs:1038:/// (await expr) → call async/await with the expression
C16	crates/sema-vm/src/lower.rs:1045:        func: Box::new(CoreExpr::Var(intern("async/await"))),
C16	crates/sema-vm/src/lower.rs:13:thread_local! {
C16	crates/sema-vm/src/lower.rs:298:thread_local! {
C16	crates/sema-vm/src/lower.rs:301:    /// `Spur` ids are only meaningful within the `thread_local!` interner that
C16	crates/sema-vm/src/lower.rs:364:    thread_local! {
F09B	crates/sema-vm/src/runtime/host.rs:306:            match guard.recv() {
F09B	crates/sema-vm/src/runtime/host.rs:346:        ExecutorDispatch::Async(async_dispatch) => block_on(async_dispatch.into_future()),
F09B	crates/sema-vm/src/runtime/host.rs:370:fn block_on<F: Future>(future: F) -> F::Output {
F09B	crates/sema-vm/src/runtime/host.rs:457:                std::thread::sleep(Duration::from_millis(ms));
F09B	crates/sema-vm/src/runtime/host.rs:488:        rx.recv_timeout(Duration::from_secs(2))
F09B	crates/sema-vm/src/runtime/host.rs:490:        rx.recv_timeout(Duration::from_secs(2))
F09B	crates/sema-vm/src/runtime/host.rs:543:        std::thread::sleep(Duration::from_millis(200));
F09B	crates/sema-vm/src/runtime/host.rs:578:        rx.recv_timeout(Duration::from_secs(2))
F09B	crates/sema-vm/src/runtime/host.rs:87:/// overlap, so `async/spawn`ed blocking operations no longer serialize.
F08A	crates/sema-vm/src/runtime/host_api.rs:125:/// `block_on_inbox` wakes for a command exactly as it would for a completion
F03	crates/sema-vm/src/runtime/state.rs:1072:            // Re-evaluate parked `async/run` barriers against the current
F08A	crates/sema-vm/src/runtime/state.rs:1226:    pub fn block_on_inbox(&self, deadline: Option<Instant>) -> bool {
F08A	crates/sema-vm/src/runtime/state.rs:1231:            .is_some_and(|waits| waits.block_on_inbox(deadline))
F03	crates/sema-vm/src/runtime/state.rs:1308:    /// Re-evaluate every parked `async/run` barrier and resume the first whose
F23	crates/sema-vm/src/runtime/state.rs:1394:        // This is what makes `(async/timeout 0 (async 42))` return 42 (the ready
F08B	crates/sema-vm/src/runtime/state.rs:1461:        // A VM task parked directly on a timer (legacy `async/sleep` via
F08B	crates/sema-vm/src/runtime/state.rs:1462:        // `VmSleep`): wake it and re-run its frame. Observational `async/timeout`
F03	crates/sema-vm/src/runtime/state.rs:1620:                        // A cancelled `async/run` barrier: nothing external to tear
F23	crates/sema-vm/src/runtime/state.rs:1658:            let mut task = state.tasks.remove(&task_id).expect("selected task exists");
F23	crates/sema-vm/src/runtime/state.rs:1710:                let (Some(task), Some(waits)) = (state.tasks.remove(&task_id), state.waits.take())
F27	crates/sema-vm/src/runtime/state.rs:1966:        // cancellable task (top level can't be `async/cancel`led), and a native that
F24	crates/sema-vm/src/runtime/state.rs:203:    /// child (the `async/spawn` capture that used to read each seam's
F08B	crates/sema-vm/src/runtime/state.rs:2188:            // The only TLS yield signal left is `async/sleep`'s ctx-less value ABI:
F08B	crates/sema-vm/src/runtime/state.rs:2193:                YieldReason::Sleep(ms) => {
F23	crates/sema-vm/src/runtime/state.rs:2621:                        let task = state.tasks.remove(&task_id).ok_or_else(|| {
F23	crates/sema-vm/src/runtime/state.rs:2813:                // first regardless (e.g. `channel/send` settles the sender's
F03	crates/sema-vm/src/runtime/state.rs:3035:        // `async/run` (OriginBarrier): park the caller on a self-resolving-waits
F24	crates/sema-vm/src/runtime/state.rs:3304:                            // one `async/spawn` layer deeper is not orphaned running
F23	crates/sema-vm/src/runtime/state.rs:33:use sema_core::YieldReason;
F23	crates/sema-vm/src/runtime/state.rs:3447:                // callback (`(map channel/recv …)`) leaves a channel/promise/sleep
F23	crates/sema-vm/src/runtime/state.rs:3456:                let native_result = match sema_core::take_yield_signal() {
F23	crates/sema-vm/src/runtime/state.rs:3460:                             For example, `(map (fn (x) (channel/recv x)) ...)` instead of \
F23	crates/sema-vm/src/runtime/state.rs:3461:                             `(map channel/recv ...)`.",
F24	crates/sema-vm/src/runtime/state.rs:3912:    /// `RuntimeResponse::Promise(id)`. This is the sole `async/spawn` path.
F24	crates/sema-vm/src/runtime/state.rs:3941:                    "async/spawn: argument must be a function (compiled VM closure)",
F24	crates/sema-vm/src/runtime/state.rs:3957:                sema_core::SemaError::eval("async/spawn: thunk closure has no home environment"),
F24	crates/sema-vm/src/runtime/state.rs:3971:                    sema_core::SemaError::eval("async/spawn: task identity exhausted"),
F24	crates/sema-vm/src/runtime/state.rs:3994:                        sema_core::SemaError::eval("async/spawn: promise identity exhausted"),
F27	crates/sema-vm/src/runtime/state.rs:4001:            // cancel edge the plan's "async/cancel through the cancellation-parent
F23	crates/sema-vm/src/runtime/state.rs:4003:            // the tasks it spawned (e.g. a task parked on `async/await` of a child
F27	crates/sema-vm/src/runtime/state.rs:4005:            // It does NOT make `async/await`/`all`/`race`/`timeout` cancel SUPPLIED
F27	crates/sema-vm/src/runtime/state.rs:4047:        // (`async/pending?`, `async/cancel`) sees it Pending, and a post-spawn op
F24	crates/sema-vm/src/runtime/state.rs:4049:        // quantum. `async/spawn` always parks its VM, so `owner` is a `VmResume`:
F23	crates/sema-vm/src/runtime/state.rs:4222:        let mut task = state.tasks.remove(&task_id).expect("task prevalidated");
F23	crates/sema-vm/src/runtime/state.rs:4262:    /// - root main task parked directly on `channel/recv` (top-level, no sender)
F23	crates/sema-vm/src/runtime/state.rs:4263:    ///   → "channel/recv: channel is empty";
F23	crates/sema-vm/src/runtime/state.rs:4264:    /// - root main task parked directly on `channel/send` (full, no receiver)
F23	crates/sema-vm/src/runtime/state.rs:4265:    ///   → "channel/send: channel is full";
F23	crates/sema-vm/src/runtime/state.rs:4293:            // The root main task parked directly on a `channel/recv`/`channel/send`
F23	crates/sema-vm/src/runtime/state.rs:4314:                    sema_core::SemaError::eval("channel/recv: channel is empty")
F23	crates/sema-vm/src/runtime/state.rs:4316:                    sema_core::SemaError::eval("channel/send: channel is full").with_hint(
F03	crates/sema-vm/src/runtime/state.rs:487:    // Count of live `OriginBarrier` (`async/run`) protocol waits. A cheap
F23	crates/sema-vm/src/runtime/state.rs:4899:        &format!("async/timeout: operation timed out after {duration_ms} ms"),
F23	crates/sema-vm/src/runtime/state.rs:4900:        "async/timeout",
F03	crates/sema-vm/src/runtime/state.rs:5342:/// Whether an `async/run` barrier for `caller` (whose origin root is `root` and
F03	crates/sema-vm/src/runtime/state.rs:5387:                    // suspends before its own `async/run` lets a descendant park
F03	crates/sema-vm/src/runtime/state.rs:5399:/// Register an `async/run` (`OriginBarrier`) suspension: park the caller with an
F03	crates/sema-vm/src/runtime/state.rs:541:    /// An `async/run` (`OriginBarrier`) suspension: the caller parks until every
F08B	crates/sema-vm/src/runtime/state.rs:5657:    /// A VM root/child parked on `async/sleep`: arm a runtime timer for `ms`
F23	crates/sema-vm/src/runtime/state.rs:5903:    thread_local! {
F23	crates/sema-vm/src/runtime/state.rs:626:thread_local! {
F23	crates/sema-vm/src/runtime/state.rs:77:    /// Pending resume for a VM-quantum task woken from an `async/await` (or
F24	crates/sema-vm/src/runtime/state.rs:78:    /// `async/spawn`) park: the value to inject onto the parked frame's stack
F24	crates/sema-vm/src/runtime/state.rs:83:    /// spawner's thread-locals at `async/spawn` and swapped into/out of the process
F24	crates/sema-vm/src/runtime/state.rs:881:    /// shape `async/spawn` produces. Used to build multi-task origin-root graphs
F03	crates/sema-vm/src/runtime/state.rs:882:    /// (e.g. an `async/run` barrier caller with a `ResourceSlot`-parked sibling)
F23	crates/sema-vm/src/runtime/tests.rs:1507:thread_local! {
F08A	crates/sema-vm/src/runtime/tests.rs:1678:fn runtime_command_wakes_a_thread_parked_in_block_on_inbox() {
F08A	crates/sema-vm/src/runtime/tests.rs:1679:    // The driving thread parks in `block_on_inbox` (as `drive_vm_on_runtime`
F08A	crates/sema-vm/src/runtime/tests.rs:1687:        std::thread::sleep(Duration::from_millis(50));
F08A	crates/sema-vm/src/runtime/tests.rs:1691:    let woke = runtime.block_on_inbox(None);
F08A	crates/sema-vm/src/runtime/tests.rs:1694:    assert!(woke, "block_on_inbox returns true when a command arrives");
F08A	crates/sema-vm/src/runtime/tests.rs:1697:        "command should wake block_on_inbox promptly, took {elapsed:?}"
F08A	crates/sema-vm/src/runtime/tests.rs:1702:fn block_on_inbox_returns_immediately_when_a_command_is_already_buffered() {
F08A	crates/sema-vm/src/runtime/tests.rs:1706:    // *subsequent* `block_on_inbox` call to observe. The first call below
F08A	crates/sema-vm/src/runtime/tests.rs:1714:        std::thread::sleep(Duration::from_millis(50));
F08A	crates/sema-vm/src/runtime/tests.rs:1717:    let woke_first = runtime.block_on_inbox(None);
F08A	crates/sema-vm/src/runtime/tests.rs:1722:    let woke_second = runtime.block_on_inbox(Some(start + Duration::from_millis(400)));
F08A	crates/sema-vm/src/runtime/tests.rs:1730:        "buffered command should make block_on_inbox return immediately, took {elapsed:?}"
F23	crates/sema-vm/src/runtime/tests.rs:1993:/// `channel/send`/`channel/recv`'s continuation for the in-place handoff fast
F23	crates/sema-vm/src/runtime/tests.rs:3754:/// itself excluded from an `async/run` barrier.
F23	crates/sema-vm/src/runtime/tests.rs:3799:/// Barrier caller: `async/run`, then record its release and return.
F23	crates/sema-vm/src/runtime/tests.rs:3824:/// CYCLE-FORMING for the `async/run` barrier. A same-origin-root sibling parked on
F23	crates/sema-vm/src/runtime/tests.rs:3826:/// channel) must NOT keep the barrier waiting — `(async/run)` releases because the
F23	crates/sema-vm/src/runtime/tests.rs:3866:    // Root R: main task M is the `async/run` barrier caller.
F23	crates/sema-vm/src/runtime/tests.rs:3896:            "async/run barrier hung on a ResourceSlot cycle (regression: ResourceSlot must be cycle-forming); events: {:?}",
F08A	crates/sema-vm/src/runtime/wait.rs:483:    /// `block_on_inbox` exactly like a worker completion would.
F08A	crates/sema-vm/src/runtime/wait.rs:569:    pub fn block_on_inbox(&mut self, deadline: Option<Instant>) -> bool {
F08A	crates/sema-vm/src/runtime/wait.rs:579:                inbox.recv_timeout(timeout).ok()
F08A	crates/sema-vm/src/runtime/wait.rs:581:            None => inbox.recv().ok(),
F08A	crates/sema-vm/src/runtime/wait.rs:72:/// so it wakes a parked `block_on_inbox` with no separate channel or select
F08A	crates/sema-vm/src/runtime/wait.rs:86:/// wakes a thread parked in `block_on_inbox` exactly like a completion does.
F29	crates/sema-vm/src/vm.rs:1057:/// `CurrentVmGuard` *before* invoking the native, so an `async/spawn` handled
F30	crates/sema-vm/src/vm.rs:1468:            match debug.command_rx.recv() {
F30	crates/sema-vm/src/vm.rs:1569:            match debug.command_rx.recv() {
F29	crates/sema-vm/src/vm.rs:158:    /// callee is not a native fn (keywords, callables routed via `call_callback`).
F28	crates/sema-vm/src/vm.rs:16:    YieldReason, NAN_INT_SMALL_PATTERN, NAN_PAYLOAD_BITS, NAN_PAYLOAD_MASK, NAN_TAG_MASK,
F28	crates/sema-vm/src/vm.rs:1872:                    NativeOutcome::Return(value) => match sema_core::take_yield_signal() {
F28	crates/sema-vm/src/vm.rs:1884:        Ok(match sema_core::take_yield_signal() {
F29	crates/sema-vm/src/vm.rs:1921:    /// `async/spawn` task or a cooperative HOF callback VM) owns its value out of
C17	crates/sema-vm/src/vm.rs:218:thread_local! {
F30	crates/sema-vm/src/vm.rs:2390:                                    // spawn_blocking thread on `reply_rx.recv()`, so
F28	crates/sema-vm/src/vm.rs:2749:                            let _ = sema_core::take_yield_signal();
F29	crates/sema-vm/src/vm.rs:2764:                        // A non-native callable (the call_callback branch) may still
F28	crates/sema-vm/src/vm.rs:2766:                        if let Some(reason) = sema_core::take_yield_signal() {
F28	crates/sema-vm/src/vm.rs:2781:                            let _ = sema_core::take_yield_signal();
F29	crates/sema-vm/src/vm.rs:2796:                        // A non-native callable (the call_callback branch) may still
F28	crates/sema-vm/src/vm.rs:2798:                        if let Some(reason) = sema_core::take_yield_signal() {
F28	crates/sema-vm/src/vm.rs:2926:                                let _ = sema_core::take_yield_signal();
F28	crates/sema-vm/src/vm.rs:31:    LegacyYield(YieldReason),
F28	crates/sema-vm/src/vm.rs:3369:                                        let _ = sema_core::take_yield_signal();
F28	crates/sema-vm/src/vm.rs:3378:                                    let _ = sema_core::take_yield_signal();
F29	crates/sema-vm/src/vm.rs:3390:                                // A non-native callable (the call_callback branch) may
F28	crates/sema-vm/src/vm.rs:3392:                                if let Some(reason) = sema_core::take_yield_signal() {
F29	crates/sema-vm/src/vm.rs:3849:    /// `call_callback` path. Only the SELECTED METHOD is routed cooperatively;
F29	crates/sema-vm/src/vm.rs:3879:            sema_core::call_callback(ctx, &func_val, &call_args)
F29	crates/sema-vm/src/vm.rs:4258:    /// foreign stack (an `async/spawn` task, a fresh fallback VM, an inline-task
F28	crates/sema-vm/src/vm.rs:43:    Legacy(YieldReason),
F29	crates/sema-vm/src/vm.rs:4411:                // yield in the inner closure (channel/send, channel/recv,
F29	crates/sema-vm/src/vm.rs:4437:                // `call_callback` (e.g. a global `define`d fn called from
F30	crates/sema-vm/src/vm.rs:4905:        match sema_core::eval_callback(ctx, expr, &env) {
C17	crates/sema-vm/src/vm.rs:592:thread_local! {
F29	crates/sema-vm/src/vm.rs:595:    /// via `call_callback`, the closure's fallback consults this stack so it can
F29	crates/sema-vm/src/vm.rs:781:    // TEMPORARY BRIDGE: a legacy user closure re-entered via `call_callback`
F29	crates/sema-vm/src/vm.rs:798:/// `call_callback` → `run_closure_as_inline_task` path would `take_scheduler()`
F29	crates/sema-vm/src/vm.rs:800:/// poll), and a *nested* `async/all` on a sibling task makes it reproducible.
F28	crates/sema-vm/src/vm.rs:80:    /// (an `async/spawn` task VM, a fresh fallback VM, an inline-task HOF)
F29	crates/sema-vm/src/vm.rs:815:        return sema_core::call_callback(ctx, func, args);
F29	crates/sema-vm/src/vm.rs:818:        return sema_core::call_callback(ctx, func, args);
C17	crates/sema-vm/src/vm.rs:851:thread_local! {
F29	crates/sema-vm/src/vm.rs:945:/// the owning VM is still current, exactly like `async/spawn` at spawn time)
F29	crates/sema-vm/src/vm.rs:991:/// `async/spawn` preserves it.
H09	crates/sema-wasm/src/driver.rs:17://!   calling thread on `WaitRuntime::block_on_inbox`, which internally calls
H09	crates/sema-wasm/src/driver.rs:18://!   `Receiver::recv_timeout` — unconditionally unsupported on
H10A	crates/sema-wasm/src/driver.rs:196:    // immediate turn here, a cancelled `(async/sleep 5000)` would sit
H10A	crates/sema-wasm/src/driver.rs:225:/// honor a pending `WaitKind::Timer` deadline (`async/sleep`) instead of
H10A	crates/sema-wasm/src/driver.rs:22://!   the FIRST wasm entry point that can correctly run `async/sleep` or a
H10A	crates/sema-wasm/src/driver.rs:318:        // http, and `async/sleep` on wasm32) consult
H09	crates/sema-wasm/src/driver.rs:31://! it can never resolve (the old path's only recovery, `block_on_inbox`,
H10A	crates/sema-wasm/src/driver.rs:33://! wasm32, `async/sleep`) instead gate on
H09	crates/sema-wasm/src/driver.rs:77:thread_local! {
H09	crates/sema-wasm/src/lib.rs:1979:    /// `async/sleep` / `http/get` instead of hanging or panicking on the
H09	crates/sema-wasm/src/lib.rs:2027:    /// `http/get`/`async/sleep` inside it get the real, single-execution
H09	crates/sema-wasm/src/lib.rs:2028:    /// runtime-ABI suspend (no HTTP replay, no `Atomics.wait`) — but rebuilds
H09	crates/sema-wasm/src/lib.rs:20:thread_local! {
H10B	crates/sema-wasm/src/lib.rs:230:// `HTTP_AWAIT_MARKER`/the replay-with-cache mechanism it drove is deleted
H10B	crates/sema-wasm/src/lib.rs:241:const HTTP_AWAIT_MARKER: &str = "__SEMA_WASM_HTTP__";
H09	crates/sema-wasm/src/lib.rs:2609:            sema_core::set_eval_callback(&ctx, sema_eval::eval_value_vm);
H09	crates/sema-wasm/src/lib.rs:2610:            sema_core::set_call_callback(&ctx, sema_eval::call_value);
H09	crates/sema-wasm/src/lib.rs:2611:            sema_core::set_call_owned_callback(&ctx, sema_eval::call_value_owned);
H10B	crates/sema-wasm/src/lib.rs:295:        HTTP_AWAIT_MARKER,
H09	crates/sema-wasm/src/lib.rs:2992:    /// replays, and `http/get`/`async/sleep` inside it get the real
H10B	crates/sema-wasm/src/lib.rs:309:        SemaError::Eval(msg) => msg.starts_with(HTTP_AWAIT_MARKER),
H10B	crates/sema-wasm/src/lib.rs:317:        SemaError::Eval(msg) if msg.starts_with(HTTP_AWAIT_MARKER) => {
H10B	crates/sema-wasm/src/lib.rs:318:            Some(msg[HTTP_AWAIT_MARKER.len()..].to_string())
H10C	crates/sema-wasm/src/lib.rs:3280:    /// Enable real wall-clock `async/sleep` via `Atomics.wait` on the given
H10C	crates/sema-wasm/src/lib.rs:3285:    /// `Atomics.wait` is illegal there; leaving it uninstalled keeps the
H10C	crates/sema-wasm/src/lib.rs:3287:    #[wasm_bindgen(js_name = installAtomicsSleep)]
H10C	crates/sema-wasm/src/lib.rs:398:    // correctly with real `Atomics.wait` sleeps (no re-runs). Cross-origin
H10C	crates/sema-wasm/src/lib.rs:40:    /// `Atomics.wait` sleep when running inside a Web Worker (installed via
H10C	crates/sema-wasm/src/lib.rs:418:/// Synchronous HTTP via `XMLHttpRequest` (worker-only — sync XHR is illegal on
H10C	crates/sema-wasm/src/lib.rs:41:    /// `installAtomicsSleep`). `None` on the main thread (sleep stays an
H10C	crates/sema-wasm/src/lib.rs:429:    let xhr = web_sys::XmlHttpRequest::new()
H10C	crates/sema-wasm/src/lib.rs:42:    /// instant virtual-clock advance — `Atomics.wait` is illegal there anyway).
H10C	crates/sema-wasm/src/lib.rs:430:        .map_err(|_| SemaError::Io("failed to create XMLHttpRequest".to_string()))?;
H10C	crates/sema-wasm/src/lib.rs:53:/// thread for `ms` real milliseconds via `Atomics.wait` on the control SAB. The
H10C	crates/sema-wasm/src/lib.rs:63:            let _ = js_sys::Atomics::wait_with_timeout(arr, 0, 0, ms as f64);
H09	crates/sema-wasm/src/lib.rs:89:thread_local! {
H09	crates/sema-wasm/src/output.rs:25:thread_local! {
C12	crates/sema-workflow/src/context.rs:39:thread_local! {
H01	crates/sema/src/lib.rs:133:        sema_core::set_eval_callback(&ctx, sema_eval::eval_value_vm);
H01	crates/sema/src/lib.rs:134:        sema_core::set_call_callback(&ctx, sema_eval::call_value);
H01	crates/sema/src/lib.rs:135:        sema_core::set_call_owned_callback(&ctx, sema_eval::call_value_owned);
H02	crates/sema/src/main.rs:1016:                    .block_on(async {
H02	crates/sema/src/main.rs:1255:                .block_on(workflow_view::serve(PathBuf::from(run_dir), &host, port));
H02	crates/sema/src/main.rs:1365:                .block_on(async {
H02	crates/sema/src/main.rs:1382:        std::thread::sleep(std::time::Duration::from_millis(250));
H02	crates/sema/src/main.rs:1452:            std::thread::sleep(std::time::Duration::from_secs(3600));
H02	crates/sema/src/main.rs:1557:                .block_on(sema_notebook::serve(path, &host, port));
H02	crates/sema/src/main.rs:2095:            .block_on(async {
H02	crates/sema/src/main.rs:3051:    // runtime, the sole async engine, so async/await, channels, and timers work
H02	crates/sema/src/main.rs:92:thread_local! {
H02	crates/sema/src/main.rs:943:                    .block_on(sema_lsp::run_server());
H02	crates/sema/src/main.rs:950:                    .block_on(sema_dap::run_server());
H02	crates/sema/src/pkg.rs:1528:                std::thread::sleep(jittered(wait));
H02	crates/sema/src/pkg.rs:1541:                std::thread::sleep(jittered(backoff));
H03	crates/sema/src/repl/completer.rs:16:thread_local! {
H08	crates/sema/src/web/mod.rs:154:            std::thread::sleep(std::time::Duration::from_millis(100));
H08	crates/sema/src/workflow_mcp.rs:418:        match sema_io::io_block_on(login::refresh(&http, &login_config, &stored)) {
H08	crates/sema/src/workflow_mcp.rs:41:thread_local! {
H12	playground/src/app.js:417:  // Opt-in worker path: run eval off the main thread for real async/sleep.
H12	playground/src/app.js:476:  // (async/sleep paces in real wall-clock time). On the main-thread path the
H12	playground/src/app.js:9:// When true, eval runs on a Web Worker (real wall-clock async/sleep, responsive
H11	playground/src/sema-worker.js:17:// The control `SharedArrayBuffer`/`installAtomicsSleep`/`Atomics.wait` replay
H11	playground/src/sema-worker.js:6:// driver; `async/sleep` and `http/get` complete through real `setTimeout`/
H11	playground/src/sema-worker.js:8:// thread on `Atomics.wait` — the worker stays free to pump its own macrotask
H11	playground/src/worker-client.js:2:// (P6-3 step 3). Enables real wall-clock async/sleep and real (non-replayed)
H11	playground/src/worker-client.js:5:// of blocking on `Atomics.wait`. Gated: requires cross-origin isolation (kept
